img,healthy,leaf_rust,powdery_mildew,seedlings,septoria,stem_rust,yellow_rust
0000000181ffff7e.jpg,0,1,0,1,0,0,0
0000001f9fff9e3c.jpg,0,0,0,0,0,0,1
000000427f7e3c3c.jpg,0,1,0,1,0,0,0
000000ffffc3cded.jpg,0,1,1,0,0,0,0
000004fcffeffcec.jpg,0,1,0,0,0,0,0
000008183bffffff.jpg,1,0,0,1,0,0,0
00000e3f04ffffff.jpg,0,0,0,0,0,1,0
000010ffff3f0000.jpg,0,0,0,1,0,1,0
0000c0e0e3ffffff.jpg,0,0,0,1,0,0,1
0000d8ffffff9c00.jpg,0,0,0,0,0,0,1
0000f0fe7f2b1f3f.jpg,0,1,0,0,0,0,0
0000ffffffff0000.jpg,0,1,0,0,0,0,0
0000ffffffff8180.jpg,0,0,0,1,0,1,0
00084e5f17b73726.jpg,0,0,1,0,0,0,0
00173f003e7fff0f.jpg,0,1,0,0,0,0,0
001c3c7d7dfbf2e0.jpg,0,0,0,0,0,0,1
0038b8b8f8f8f873.jpg,0,1,0,0,0,0,0
003e367e7e7e7e7e.jpg,0,1,1,0,1,0,0
003f3f3d0f3f3f00.jpg,0,0,0,0,0,1,0
008000f6fffff8f6.jpg,0,0,0,0,0,0,1
0083f3b393939300.jpg,0,0,1,0,0,0,0
0087e27e3f1e0f0f.jpg,1,0,0,0,0,0,0
00c0f0fcde3ffe7c.jpg,0,0,0,0,0,1,0
00c70747cf070707.jpg,0,1,0,1,0,0,0
00e0fcfff3e18c80.jpg,0,0,0,0,1,0,0
00efe7e76743cfc1.jpg,0,1,1,0,0,0,0
00f8fcf8f8f8f0e0.jpg,0,1,0,0,0,0,0
00fedfc7c3e1f1f1.jpg,0,0,0,0,0,0,1
010001ffff8100ff.jpg,0,0,0,1,0,1,0
0103070307cfff1f.jpg,0,0,0,1,0,0,1
014313070f1c337f.jpg,0,0,0,0,0,0,1
020400fc3f3f1f3f.jpg,0,1,1,0,1,0,0
020eccfc78f07020.jpg,0,0,0,0,0,0,1
0240f62ffff0380e.jpg,0,0,1,0,0,0,0
0272f0e4c8f0b06e.jpg,0,0,0,0,0,1,0
0288ef7f5e775744.jpg,0,0,1,0,0,0,0
0301170684c4676f.jpg,0,0,0,0,0,0,1
03030303030f7fff.jpg,0,1,0,1,0,0,0
03060038f87ef8f0.jpg,0,0,0,0,0,1,0
030943feff011000.jpg,0,1,0,0,0,0,0
030d0c0f6f3f07af.jpg,0,0,0,1,0,0,1
038383030387ffff.jpg,0,1,0,1,0,0,0
0503030303070f1f.jpg,0,1,0,0,0,0,0
060307030307ffff.jpg,0,1,0,1,0,0,0
060c0c000f0e1efa.jpg,0,0,0,0,0,1,0
070383070307ffff.jpg,0,1,0,1,0,0,0
07070367331f0f0d.jpg,0,0,0,0,0,1,0
07070703070b1303.jpg,0,0,0,0,0,0,1
0707070e0e1e1cfc.jpg,0,1,0,0,0,0,0
0707070f1f81343c.jpg,1,0,0,0,0,0,0
07073afffec03c70.jpg,0,0,0,0,1,0,0
070f4f5f9f9f1f1e.jpg,0,0,0,0,0,0,1
071f1f1f3ff68a00.jpg,0,1,1,0,0,0,0
0783e7be211113b3.jpg,0,0,0,0,1,0,0
08081c7ffffe1f81.jpg,0,1,0,0,0,0,0
080c3c387b7d7d78.jpg,0,1,0,1,0,0,0
0a6c567266c7b134.jpg,0,1,0,0,0,0,0
0b0706060e0e0606.jpg,0,0,0,1,0,0,1
0b090b0a88c8effa.jpg,0,0,0,0,0,1,0
0c356eeca4160f97.jpg,0,0,0,0,0,1,0
0c45e7e7e7e7f7f7.jpg,0,1,0,1,0,0,0
0d1b0e0f2785c6c6.jpg,0,1,0,0,0,0,0
0e3e3ebc9c9cdede.jpg,0,0,0,0,0,0,1
0f0703030f0f0703.jpg,0,0,1,0,0,0,0
0f0ebcb87878b090.jpg,1,0,0,0,0,0,0
0f0f19183c776363.jpg,0,0,1,0,0,0,0
0f0fcd8786c444bc.jpg,0,0,0,0,0,1,0
0fb75feff7f3e020.jpg,0,1,0,0,0,0,0
1011b3b8bd587d6f.jpg,0,0,0,0,1,0,0
1030b0190f0fc7b7.jpg,0,0,0,0,0,1,0
1080e3fbfdff59c9.jpg,0,0,0,0,0,0,1
10d0f8f8f8b89830.jpg,0,1,0,0,0,0,0
11133f3c3c3c3c26.jpg,0,0,1,0,0,0,0
1307058480c0e4f3.jpg,0,0,0,0,0,0,1
1381717bfff70404.jpg,0,0,0,0,1,0,0
1517073e7b0b8b0f.jpg,0,1,0,0,0,0,0
169cd99bfbcfd330.jpg,0,0,1,0,0,0,0
1808f8ffff808082.jpg,0,1,0,0,0,0,0
1813030f0f07c367.jpg,0,1,0,1,0,0,0
18185c5c5c7c6c60.jpg,0,0,1,0,0,0,0
188808497cfef54d.jpg,0,0,0,0,0,1,0
1898183838383830.jpg,0,1,0,1,0,0,0
18b8f8f8f0f0e060.jpg,0,1,1,0,0,0,0
1a191b170f48f8f0.jpg,0,0,1,0,0,0,0
1a1e8eee4e4e4c68.jpg,0,0,0,0,0,0,1
1b1b1b3bb9b93101.jpg,1,0,0,0,0,0,0
1c18181898985818.jpg,0,0,0,0,0,0,1
1c18207c7f191d00.jpg,0,1,0,0,0,0,0
1c1c1c1c18183818.jpg,0,0,1,0,0,0,0
1c1c1c1c1c1c1c1c.jpg,0,1,0,0,0,0,0
1c5d083e2f145243.jpg,0,0,0,0,0,0,1
1c7dfff9f1940010.jpg,0,0,0,0,0,1,0
1d3c3f0f4fe3838c.jpg,0,1,0,0,0,0,0
1e1e1e1a1a383818.jpg,0,0,0,0,0,0,1
1e1e1f5e5e1e1e5e.jpg,0,0,0,1,0,1,0
1f061080c0f0e4e6.jpg,0,0,1,0,0,0,0
1f0707038046e3e1.jpg,0,0,0,0,0,0,1
1f0e0f5ffe70080c.jpg,0,1,0,0,0,0,0
1f0f070707430080.jpg,0,0,0,1,0,0,1
1f0f1f3f34604000.jpg,0,0,0,0,0,1,0
1f1f1f3b3f3f6b60.jpg,0,0,0,0,0,1,0
1f3fbf9fdd000682.jpg,0,1,0,1,0,0,0
1f7fffff9a0080c0.jpg,0,0,0,0,0,0,1
1f939cf1fe660404.jpg,0,1,0,0,0,0,0
1fff7f9fc3410000.jpg,0,0,0,0,0,1,0
200098fefed8f8b1.jpg,0,0,1,0,0,0,0
20f0f0f8f8fcf4e4.jpg,1,0,0,0,0,0,0
21f8feff3e000000.jpg,0,1,0,0,0,0,0
2286468d6d676272.jpg,0,0,0,0,0,1,0
2383c7071f3f7f02.jpg,0,0,0,0,0,0,1
26b0bc5d1b93ce00.jpg,0,0,0,0,0,0,1
2716c6ef7e3c9c98.jpg,0,0,0,0,0,1,0
28383838b8b8383c.jpg,0,1,0,0,0,0,0
2880911f1e3d3973.jpg,0,0,0,0,1,0,0
2c383ebedcdcb8a8.jpg,0,0,0,0,0,0,1
2e2d2d4c7d5dcc28.jpg,0,0,1,0,0,0,0
2f7f1f1f070c0000.jpg,0,1,0,1,0,0,0
3030303030181818.jpg,0,0,0,0,0,1,0
3070ec7c701c3c7c.jpg,0,0,0,0,0,0,1
30b01880f0f0fbf6.jpg,1,0,0,0,0,0,0
32ebedffc0730480.jpg,0,1,0,0,0,0,0
33233367e6e6e620.jpg,0,0,0,0,0,1,0
3347840fffff0f06.jpg,0,0,0,0,1,0,0
359ffa7a51310900.jpg,0,0,0,0,0,1,0
3804e1f21804fcfc.jpg,0,0,0,0,0,0,1
38184d6d3d1d9e0c.jpg,0,1,1,0,1,0,0
3830b0b0f0f0f070.jpg,1,0,0,0,0,0,0
383c3c3c1c1c1e1e.jpg,0,0,0,0,0,0,1
383c3c3c6c7c7432.jpg,0,0,1,0,0,0,0
393b353505050501.jpg,0,1,0,0,0,0,0
3a3a3a3232303030.jpg,0,0,0,0,0,0,1
3b4763236363c181.jpg,0,0,0,0,0,0,1
3c00fffff8000000.jpg,0,0,0,0,0,1,0
3c3111270f0f1f3f.jpg,0,0,0,0,0,0,1
3c3c200000ffffff.jpg,0,1,0,1,0,0,0
3c3c3c1c1d3d3d3d.jpg,0,1,0,0,0,0,0
3c3c3c3c3c3c0c0c.jpg,0,0,1,0,0,0,0
3c7e0682f6723838.jpg,0,1,0,1,0,0,0
3e3c3f3e1e1e1e0e.jpg,0,1,0,0,0,0,0
3e3e3ebcfcbc9889.jpg,0,0,0,0,0,1,0
3e3f2e670e3e3e7e.jpg,1,0,0,0,0,0,0
3e7f77e3c100e0ff.jpg,0,1,0,1,0,0,0
3f1f0f031b032141.jpg,0,0,1,0,0,0,0
3f1f3c1d1d5d1c0c.jpg,0,0,0,0,1,0,0
3f27e1e1efc9c040.jpg,0,0,0,0,0,1,0
3f3f0f0703010000.jpg,0,0,0,1,0,0,1
3f3f3e3e7e1e0c00.jpg,0,1,0,0,0,0,0
3f3f7f7717071100.jpg,0,0,0,0,0,1,0
3f3fe93333372f0f.jpg,0,0,0,1,0,1,0
3f3ff60c047000ff.jpg,0,0,0,0,0,0,1
3f7f1f17192b0100.jpg,0,0,0,0,0,1,0
3fbfb4342d6c4405.jpg,0,0,0,0,1,0,0
3fbfc7cf971c0028.jpg,0,0,0,0,0,1,0
3fbffff979480000.jpg,0,0,0,0,1,1,0
400c1bf3ffcfcce6.jpg,0,0,1,0,0,0,0
407e6e6a7e7e7e00.jpg,1,0,0,0,0,0,0
40adef7c5c547470.jpg,0,1,0,0,0,0,0
4202637e1e0f0322.jpg,0,0,0,0,0,0,1
433f3f0f0f060686.jpg,0,0,0,0,0,1,0
442b1f1f1f0ff780.jpg,0,0,0,0,1,0,0
4783c7c38383ffff.jpg,0,1,0,1,0,0,0
49cf80f3e2e6c4cc.jpg,0,1,0,0,0,0,0
4d0f1f139a3e3626.jpg,0,0,1,0,0,0,0
4e4e464e4e4e6e4e.jpg,0,0,1,0,0,0,0
574f5edee0c4c682.jpg,0,0,0,0,0,1,0
577201e0f89f9c70.jpg,0,1,0,0,0,0,0
58dbd998988888cc.jpg,0,0,1,0,0,0,0
58ded8f878b09808.jpg,0,0,1,0,0,0,0
59f7ff3323391110.jpg,0,0,0,0,0,1,0
5e5e5e5e5e5e5e54.jpg,0,0,0,0,0,1,0
6070707878787c7e.jpg,0,1,1,0,0,0,0
6070f8fc10f8fc78.jpg,0,1,0,0,0,1,0
6078fcf8fcf8e3c1.jpg,0,0,0,0,0,1,0
607af7ffff080200.jpg,0,0,0,0,1,0,0
60b2b2925b5a4b69.jpg,0,0,1,0,0,0,0
611290fc78692dd5.jpg,1,0,0,0,0,0,0
6125f5dd66f0182c.jpg,0,0,0,0,0,0,1
63030303030f8f6f.jpg,0,0,1,0,0,0,0
643c18381949c9c9.jpg,0,1,0,0,0,0,0
65c6477f7f088101.jpg,0,0,0,0,0,1,0
660e8c9f7bbf8800.jpg,0,1,0,0,0,0,0
6674782070fef4ec.jpg,0,0,0,0,1,0,1
676363e3e3e3e1e1.jpg,0,1,0,0,0,0,0
67676763c3c3c3c3.jpg,0,1,0,0,0,0,0
67e7e79f93870183.jpg,0,0,0,0,0,1,0
6869f9197f3b3124.jpg,0,0,0,0,0,0,1
69ccce8e0f062c29.jpg,0,0,1,0,0,0,0
69fffffefef0c000.jpg,0,1,0,0,0,0,0
6b791396bc393346.jpg,0,1,0,0,0,0,0
6e7ff7766db4e0c0.jpg,0,1,0,0,0,0,0
6f3c637e2f094a4e.jpg,0,0,1,0,0,0,0
6f7db53998332303.jpg,0,1,0,0,0,0,0
6f7e0d1a34685cb6.jpg,0,1,0,0,0,0,0
6fe7e7f3737f1d04.jpg,0,0,0,0,0,1,0
70f87c383d7814d2.jpg,0,0,0,0,0,0,1
70f8fcf0f4606060.jpg,0,1,0,0,0,0,0
7212c5e0f8bf9d9c.jpg,0,1,0,0,0,0,1
7222e30303efff7f.jpg,0,1,0,1,0,0,0
73e15871787e6716.jpg,0,0,1,0,0,0,0
74298d0f0124e9a8.jpg,0,1,0,0,0,0,0
767f3b78f818060c.jpg,0,0,1,0,0,0,0
76fe6e3e22aa3210.jpg,0,0,0,0,0,1,0
780000c1c1e0ffff.jpg,0,1,0,1,0,0,0
781854e4e0fc7e20.jpg,0,0,1,0,0,0,0
789839f79f784c88.jpg,0,1,0,0,0,0,0
78c8f0f8268e8e48.jpg,0,0,0,1,0,0,1
791813010f3f274f.jpg,0,0,0,0,0,0,1
793138b0787cecc8.jpg,0,0,0,0,0,1,0
7979bede1820c003.jpg,0,0,1,0,0,0,0
7a7b3f1d1e0fe707.jpg,0,0,0,0,0,0,1
7a7b7979f1212000.jpg,0,0,0,0,0,1,0
7b7f3f7c04070c06.jpg,1,0,0,0,0,0,0
7c7081bfff6d2943.jpg,0,0,1,0,0,0,0
7c7476666666e2e0.jpg,0,1,0,0,0,0,0
7c78787878381c1c.jpg,0,1,0,0,0,0,0
7cecc88c8c9c0c09.jpg,0,0,0,0,0,0,1
7cf8f0e0f0f0f070.jpg,0,1,0,0,0,0,0
7cf8fa3b00030000.jpg,0,0,0,0,0,1,0
7d7e591b181030e0.jpg,0,1,0,0,1,0,0
7e02301fff503c38.jpg,0,1,0,1,0,0,0
7e40c1e1e1f3f3f0.jpg,0,0,1,0,0,0,0
7e787abfcf810000.jpg,0,1,0,1,0,0,0
7e7f20008082ffff.jpg,0,1,0,1,0,0,0
7efe3a1a5c4c4c04.jpg,0,0,1,0,0,0,0
7efefe7e3e301000.jpg,1,0,0,0,0,0,0
7f1b1f3968733c24.jpg,0,0,0,0,0,1,0
7f1cd80808181818.jpg,0,0,0,0,0,0,1
7f2fa7e0c0e08000.jpg,0,0,1,0,0,0,0
7f38ef1f0b0a4eec.jpg,0,0,0,0,1,0,0
7f3f1b1b191a3c1e.jpg,0,1,0,0,0,0,0
7f3f1f1f970743c3.jpg,0,1,0,1,0,0,0
7f3f3f0703014040.jpg,1,0,0,1,0,0,0
7f5f0f0303010000.jpg,0,0,0,1,0,0,1
7f727674c2030303.jpg,0,1,0,0,0,0,0
7f7d7b5f18001000.jpg,0,1,0,0,0,0,0
7f7e000081edbdbf.jpg,0,1,0,1,0,0,0
7f7e1e0e0c040000.jpg,0,0,0,1,0,0,1
7f7f1f03707cffff.jpg,0,1,0,0,0,0,0
7f7f707a06c28400.jpg,0,1,1,0,0,0,0
7f7f7f6741014300.jpg,0,0,0,1,0,0,1
7f7ffff7b4700000.jpg,0,0,0,0,0,1,0
7f7fffff7e1c0000.jpg,0,1,0,1,0,0,0
7fbbfff1c1818101.jpg,0,0,0,1,0,0,1
7fbf271b03010103.jpg,0,0,0,0,0,0,1
7fed3b070343c367.jpg,0,1,0,1,0,0,0
7ffbfcb4111486c0.jpg,1,0,0,0,0,0,0
7ffde3ed21038303.jpg,0,0,0,0,0,0,1
7ffdedc5f73e0400.jpg,0,0,1,0,1,0,0
7fff4f0d49741000.jpg,0,0,1,0,0,0,0
800080c0e1efffff.jpg,0,0,0,1,0,0,1
8000bf8f8f9a9080.jpg,0,1,0,0,0,0,0
8000e0ff0000ff00.jpg,0,0,0,1,0,1,0
801804507cffffef.jpg,0,0,0,0,0,1,0
8083fef4c3ffe0c0.jpg,1,0,0,0,0,0,0
8088a9f9fff8b0f2.jpg,0,1,0,0,0,0,0
80981c3c3c3c1c3c.jpg,0,1,0,0,0,1,0
80c040331b0e1f13.jpg,0,0,1,0,0,0,0
80c0f0ffff0edbfb.jpg,0,1,0,0,0,0,0
80c0f1fcf0f0d8c8.jpg,0,0,0,0,0,0,1
80c38786c4c0a4c0.jpg,0,0,1,0,0,0,0
80f8f8f8f8e4f8c0.jpg,0,0,1,0,0,0,0
810008849dfffdfc.jpg,0,0,0,1,0,1,0
8191918981c585ff.jpg,0,0,1,0,0,0,0
8199bf7fff614103.jpg,0,0,0,0,0,0,1
8232100c6ddc86f7.jpg,0,0,0,0,0,1,0
8313150017273d3c.jpg,0,1,0,1,0,0,0
839efffff8780004.jpg,0,0,0,0,0,0,1
83f3f7e7e3034545.jpg,0,1,0,1,0,0,0
84acec8e8e9eae00.jpg,0,0,1,0,0,0,0
84c0f0fc3e0f0300.jpg,0,1,0,0,0,0,0
8603cf0301077fff.jpg,0,1,0,1,0,0,0
878797b337131341.jpg,0,1,0,0,0,0,0
898d886c3d3d3d38.jpg,0,0,0,0,0,1,0
8ac3c7e6c2c0c8d0.jpg,0,1,0,0,0,0,0
8ccc6e3cb8180c03.jpg,0,0,1,0,0,0,0
8ce3fff7ffc30165.jpg,0,1,0,1,0,0,0
8d1f0e1c0c187767.jpg,0,0,0,0,0,0,1
8d9b8f81c1e1e4e1.jpg,0,1,0,0,0,0,0
8dfcf7f8f8808064.jpg,1,0,0,0,0,0,0
8e8c8e1e82af2306.jpg,0,0,0,0,0,0,1
8ec79fffb6bcb420.jpg,0,0,0,0,0,1,0
8eeccad8f0b0e0e0.jpg,0,0,0,0,1,0,0
8f176703078fdf7f.jpg,0,1,0,1,0,0,0
8f83ef2343636165.jpg,0,1,0,1,0,0,0
8f8787a323203070.jpg,0,1,0,0,0,0,0
8f8fdf8b0b030303.jpg,0,0,0,0,1,0,0
8f9797ceccc89990.jpg,0,0,0,0,0,1,0
8f9f8fcfdfcfc9d0.jpg,0,1,0,0,0,0,0
8fefc7c7e7e30341.jpg,0,1,0,1,0,0,0
90191bffb91bb3b8.jpg,0,0,0,0,0,0,1
90e0d898fcf6f0d8.jpg,0,0,0,0,0,0,1
90f8f8f0d0920303.jpg,0,1,0,0,0,1,0
91d0f0fedfc06084.jpg,0,1,0,0,0,0,0
930a193b37bc2842.jpg,0,0,1,0,0,0,0
93181fc39fa70600.jpg,0,0,0,0,0,1,0
9696969696949080.jpg,0,1,1,0,0,0,0
971df9fe7c440484.jpg,0,0,0,0,0,1,0
97d36376f7010166.jpg,0,1,0,1,0,0,0
97fff838dc70dc04.jpg,0,0,0,0,0,1,0
98183c3c3c3c7e1e.jpg,0,0,0,0,1,0,0
98790d0f0f030323.jpg,0,0,0,0,0,0,1
98c0c0e4fadf4f4f.jpg,0,0,0,0,0,0,1
98f8e4e04173e0b0.jpg,0,0,0,0,0,1,0
9919397c58181b1b.jpg,0,1,0,0,0,1,0
99989c3e1a18d8d8.jpg,0,1,0,0,0,1,0
999f1f1e1c1e0f0d.jpg,0,0,0,0,0,0,1
9aabbffde0e08000.jpg,0,1,0,0,0,0,0
9c1030f0f9e1f3f1.jpg,0,1,1,0,0,0,0
9ccc4c9c1c3c1c9c.jpg,0,0,0,0,0,0,1
9ccecd52d85cd0b0.jpg,0,1,0,0,0,0,0
9d89dadf6f7c604a.jpg,0,0,0,0,0,1,0
9ebfbc397be78606.jpg,0,0,0,1,0,1,0
9edac84ac8dade1c.jpg,0,0,1,0,0,0,0
9f377f38395d1501.jpg,0,0,1,0,0,0,0
9f3f7ffefce80004.jpg,0,1,0,0,0,0,0
9f8efe1f1f1f0f2e.jpg,0,1,0,0,0,0,0
9f99d1f1e1e1c1f1.jpg,0,0,0,0,0,1,0
9f9f07050f3e7c3b.jpg,0,1,0,0,0,0,0
a0e0e0c0e0f0f831.jpg,0,1,0,0,0,0,0
a0e0f0f0f8f8fbfc.jpg,0,1,0,0,0,0,0
a1c080bbdf1f0f0f.jpg,0,0,0,0,0,0,1
a3270f1c3973c282.jpg,0,0,1,0,0,0,0
a38383e7b3934880.jpg,1,0,0,0,0,0,0
a3a3838383818101.jpg,0,1,1,0,0,0,0
a3a78787878697dd.jpg,0,0,1,0,0,0,0
a48778fcfcf8f0d0.jpg,0,0,0,0,0,1,0
a4e464667676773b.jpg,0,0,0,0,0,0,1
a5a5a5a5a5a5a5ad.jpg,0,0,1,0,0,0,0
a6a424c4ecbf7c7d.jpg,0,1,0,0,0,1,0
a6ae8c0cdc171f3c.jpg,0,0,1,0,0,0,0
a78b1f1d13375040.jpg,0,1,1,0,0,0,0
a7c646ece8d0e0f0.jpg,0,1,0,0,0,0,0
a880d8d0fcfcf8f8.jpg,0,0,0,0,0,1,0
aba9b4aea8ace8c1.jpg,0,0,0,0,0,1,0
ae8f162cb9322000.jpg,0,0,1,0,0,0,0
ae8f362c3c726040.jpg,0,0,1,0,0,0,0
b090f0f060383818.jpg,0,0,0,0,0,0,1
b0c9c769e3f35113.jpg,0,0,1,0,0,0,0
b0d8ec8010ffdffe.jpg,0,1,0,0,0,0,0
b0f0c0dd7bb080f0.jpg,0,0,0,0,0,0,1
b19b8ffffc800d1b.jpg,0,1,0,0,0,0,0
b1e0f0f9f6f8eee2.jpg,0,1,0,0,0,0,0
b475b5b69e86060f.jpg,0,1,0,0,0,0,0
b475b5b69e96060f.jpg,0,1,0,0,0,0,0
b797170384343113.jpg,0,1,0,0,0,0,0
b79feb73633c0800.jpg,0,1,0,0,0,0,0
b7e1a02327074951.jpg,1,0,0,1,0,0,0
b83010c8f8f8f07f.jpg,0,0,0,0,0,1,0
b8383e3e3c38b830.jpg,0,0,1,0,0,0,0
b8f00309fca7739f.jpg,0,0,0,0,0,0,1
b8f8bc3474959597.jpg,0,0,0,0,1,0,0
b939383839191b1b.jpg,0,0,0,0,0,0,1
b9808182011b3f7f.jpg,0,0,0,0,1,0,0
bc0300f7dcdcdcc0.jpg,0,0,0,1,0,1,0
bc3c3c3c3c3c3c38.jpg,0,0,0,0,1,0,0
bc9fdff628100080.jpg,0,0,0,0,0,1,0
bcb6dc181a8e8f4f.jpg,0,0,1,0,0,0,0
bcd85c9c3c385899.jpg,0,0,0,0,0,0,1
bd1e1e0c0861f8f8.jpg,0,0,0,0,0,1,0
be3c7cd8ed766200.jpg,0,1,0,0,0,0,0
befc1cd87cfcd6dc.jpg,0,1,0,0,0,1,0
bf17171e1a321207.jpg,0,0,0,0,0,1,0
bf1e0f1b8f0604e0.jpg,0,1,1,0,1,0,0
bf1f0f0b03034303.jpg,0,0,0,1,0,0,1
bf1f180a8f9ff1e3.jpg,0,1,0,0,0,1,0
bf3e0e2fe5862227.jpg,0,1,0,0,0,0,0
bf3f070503c30103.jpg,0,0,0,0,0,0,1
bf3f3f6e78d02022.jpg,0,0,0,0,0,1,0
bf58eeaec7f03004.jpg,1,0,0,0,0,0,0
bf9f9fb9b0302020.jpg,0,1,0,0,0,0,0
bf9fdfc7c3e10000.jpg,0,0,0,0,0,1,0
bfbd6ca6c2c88800.jpg,0,0,0,0,0,0,1
bfdf7fe7cc131000.jpg,0,0,0,0,1,0,0
bfe7e6045d9f5020.jpg,0,0,0,0,0,1,0
bffe8c4b0ac8c146.jpg,0,0,0,0,0,1,0
bffffbe18303060e.jpg,0,0,0,0,0,0,1
c00080849ebfffff.jpg,0,0,0,1,0,1,0
c000bf7f3f3f0000.jpg,0,1,0,0,0,0,0
c03c78fdf9383838.jpg,0,1,0,0,0,0,0
c043cbddd9587074.jpg,0,0,0,0,0,0,1
c06078381c0e0713.jpg,0,0,0,0,1,0,0
c0c083e1fcf1e1d3.jpg,0,0,0,0,0,1,0
c0c0f4f4f4f4e0c0.jpg,0,1,0,1,0,0,0
c0c6c4ccc9dbdfdf.jpg,0,0,0,0,0,1,0
c0e0f83c0f070301.jpg,0,1,1,0,0,0,0
c0e0f8fcfefe7c08.jpg,0,1,0,0,0,0,1
c0e0fcc0d8ccfccd.jpg,1,0,0,0,0,0,0
c0e4ececf8f8e0d0.jpg,0,1,0,0,0,0,0
c0f00806fafcc07e.jpg,0,0,0,0,0,1,0
c0fcfc0bf9780603.jpg,0,0,0,0,0,0,1
c0feff7f28604002.jpg,1,0,0,1,0,0,0
c0fffffffff00002.jpg,0,1,0,0,0,0,0
c10bcbfafbf3d040.jpg,0,0,0,0,0,1,0
c180606ce0e0f8f0.jpg,0,1,0,0,0,0,0
c1c3e7770d070300.jpg,0,1,0,0,0,0,0
c1c7cec7e70f03c3.jpg,0,1,0,1,0,0,0
c1cddfbf3f300009.jpg,0,0,0,0,0,0,1
c1e1e3e7e7e7c3c3.jpg,0,0,0,1,0,1,0
c1e379393d3f0f0f.jpg,0,1,0,0,0,0,0
c2c2d68787f8f41e.jpg,0,0,1,0,0,0,0
c2f0f0ffe1f0b2c2.jpg,0,0,0,0,0,1,0
c3a387d7dbc4c0e1.jpg,0,1,0,0,0,0,0
c3c3c7c3c3c3c3c3.jpg,0,1,0,0,0,0,0
c3c3cbebebebebeb.jpg,0,0,0,0,1,0,0
c3c3cecfe7bf0343.jpg,0,1,0,1,0,0,0
c3c3dffeff830307.jpg,0,0,0,0,0,0,1
c3c3e3e3e3e3e3e3.jpg,0,1,0,0,0,0,0
c3cbc1c3c2c24642.jpg,0,0,1,0,0,0,0
c3cbc1c3c382c646.jpg,0,0,1,0,0,0,0
c5c5c1c5a2a685c5.jpg,0,0,0,0,0,1,0
c61ce1f8ffa0a070.jpg,0,0,0,0,1,0,0
c68324fcff7e0804.jpg,0,1,0,0,0,0,0
c6c0e0e0e0e0f0f0.jpg,0,1,0,0,0,0,0
c6e3a74703a7ff7f.jpg,0,1,0,1,0,0,0
c77f1f0f1c383c0e.jpg,0,0,0,0,0,0,1
c7878f0f070b0901.jpg,0,0,1,0,0,0,0
c7890f0785e6c5c1.jpg,0,0,0,1,0,0,1
c7b2982ce7f38382.jpg,0,1,0,0,0,0,0
c7c7c3c3c3c3c3c3.jpg,0,1,0,0,0,0,0
c7c7c7c7c7cfcfcf.jpg,0,1,0,1,0,0,0
c7c7e663e3e3c2c0.jpg,0,1,0,0,0,0,0
c7e3e3c3c3042400.jpg,0,0,0,0,0,1,0
c85b3e3c79706043.jpg,0,1,0,0,0,0,0
c8c81a3e3c3c7879.jpg,0,1,0,0,0,0,0
c8fcfc9bb81c0305.jpg,0,0,0,0,0,0,1
c9fbafaf25481a0c.jpg,0,0,1,0,0,0,0
ca767772fca40400.jpg,1,0,0,0,0,0,0
cb976fcf64000004.jpg,0,0,1,0,0,0,0
cbdfe3f990900000.jpg,0,1,0,1,0,0,0
cc14f49ccd4fc564.jpg,0,1,0,0,0,0,0
cc6f4ecc4c6e6f6f.jpg,0,0,1,0,0,0,0
ccbc3e7efec8c0c0.jpg,0,0,0,0,0,0,1
ccccecece4e4e4e4.jpg,0,1,0,0,0,0,0
cd7dbdff38181809.jpg,0,0,0,0,1,0,0
ce0e44e7e7e7e7e7.jpg,0,1,0,1,0,0,0
ce8e44e7e7e7e7f7.jpg,0,1,0,1,0,0,0
ce8f0c08f0e2c7d7.jpg,0,0,0,0,0,0,1
cec6d6c0c4c49c9c.jpg,0,0,0,0,0,1,0
cecaebd9f56068e0.jpg,0,1,0,0,0,0,0
cecef0f9f9b58000.jpg,0,0,0,0,0,1,0
cf1f0f3f0ff93901.jpg,0,0,0,0,0,1,0
cf4f6fefb280e0e0.jpg,0,0,1,0,0,0,0
cfc3c3c7c3838181.jpg,0,1,0,1,0,0,0
cfc7c70707001b13.jpg,0,0,0,0,0,0,1
cfcf6f3b0f070707.jpg,0,1,0,0,1,0,0
cfcfc7c7c7c7c747.jpg,0,1,0,0,0,0,0
cfefe7e727a3e0e6.jpg,0,1,0,1,0,0,0
cfffffc3c30b3931.jpg,0,1,0,1,0,0,0
d0c0c1d0c080c0ff.jpg,0,0,0,1,0,1,0
d181c0442220273f.jpg,0,0,0,0,0,0,1
d393b34676640c0f.jpg,0,1,0,0,0,0,0
d43c3f1e19131301.jpg,0,0,0,0,0,0,1
d674444c2c8b8e1c.jpg,0,0,1,0,0,0,0
d6da7bf898183034.jpg,0,1,0,0,0,0,0
d83cfcfffffc4000.jpg,0,0,0,0,0,0,1
d8603ece62e52736.jpg,0,1,0,0,0,1,0
d8cc349f9f5c0804.jpg,1,0,0,0,0,0,0
d8d9effed9999898.jpg,0,0,0,0,0,1,0
d99890911d353d7d.jpg,0,1,1,0,1,0,0
d9d9d9fde9485050.jpg,0,0,0,0,0,0,1
d9d9fcbc9c8c8c88.jpg,0,0,0,0,0,0,1
d9ebc9c9c4e53010.jpg,0,0,0,0,0,1,0
dab886e4e0cfcf0f.jpg,0,1,0,0,0,0,0
dbc7ccbc91909010.jpg,0,0,0,0,0,0,1
dc937cd8cce6c220.jpg,0,1,0,0,0,0,0
dc9ecef48e20e050.jpg,0,1,0,0,0,0,0
dccc6633190c3279.jpg,0,0,0,0,0,0,1
dcd9b38458584d98.jpg,0,0,0,0,0,1,0
dcdcb8b83070e0e0.jpg,0,1,0,0,0,0,0
dcff9f99cc84251f.jpg,0,0,1,0,0,0,0
dd4d0b827041dbdf.jpg,0,0,0,0,0,0,1
ddbde1e9c0c0e0e0.jpg,0,0,1,0,0,0,0
de0c185373f0c080.jpg,1,0,0,0,0,0,0
de4ec0e089cccec8.jpg,0,0,0,0,0,1,0
de7e4203030fbf7f.jpg,0,1,0,1,0,0,0
deccc3fbf3860a00.jpg,0,0,1,0,0,0,0
ded1145ed2d91c04.jpg,0,0,0,0,1,0,0
dedf799e10c00370.jpg,0,0,1,0,0,0,0
defe5e5ede6e4e4e.jpg,0,1,0,0,0,0,0
deffebcd44048000.jpg,0,0,0,0,0,0,1
df0706070fafc900.jpg,0,1,0,1,0,0,0
df0f1f1f1c580301.jpg,0,0,0,0,0,1,0
df1843b3070d1f26.jpg,0,1,0,0,0,0,0
df1f01030303137f.jpg,0,1,0,1,0,0,0
df1f63f29c7cb878.jpg,0,0,0,0,0,0,1
df3f0fcf49b41408.jpg,0,0,1,0,0,0,0
df5e1e0a0cd8988a.jpg,0,1,1,0,1,0,0
df870f07060f3f0f.jpg,0,1,1,0,1,0,0
df8787070fefc900.jpg,0,1,0,1,0,0,0
df8f870f0f0f0c0c.jpg,1,0,0,0,0,0,0
df8fc581c3c38383.jpg,0,1,0,1,0,0,0
df8fcfcf0303038b.jpg,0,1,0,1,0,0,0
df9030b0ff0f60e1.jpg,0,0,0,0,0,0,1
dfc7c3c3c3c3c3c3.jpg,0,1,0,1,0,0,0
dfcfce0ea870c080.jpg,0,0,1,0,0,0,0
dfd7929400220f49.jpg,0,1,0,0,0,0,0
dfd7929400220fc1.jpg,0,1,0,0,0,0,0
dfd7d58381010180.jpg,0,0,0,0,0,1,0
dfdf0727250040fe.jpg,0,0,0,0,0,0,1
dfdf5f0ae1e40701.jpg,0,0,0,0,0,0,1
dfdfff7ce0404020.jpg,0,0,0,1,0,1,0
dff9fd9494981103.jpg,0,1,0,0,0,0,0
dffb7b0783838383.jpg,0,1,0,1,0,0,0
dffefadee4e0c0e0.jpg,0,1,0,0,0,1,1
dfffe3ffff000c0c.jpg,0,0,0,0,0,1,0
e000fcffffc78000.jpg,0,0,0,0,0,0,1
e0307d1f5e1c0c34.jpg,0,0,0,0,0,0,1
e03c64c000183fff.jpg,0,1,1,0,0,0,0
e060b0e0e0e0e0e0.jpg,0,0,0,1,0,0,1
e08080fcfcb4fcf0.jpg,0,0,0,0,0,1,0
e09018d891937bfb.jpg,0,1,1,0,0,0,0
e0c0f0f8f0fcfcf4.jpg,0,0,0,0,0,0,1
e0c1c1c1c1c1c3c3.jpg,0,1,0,0,0,0,0
e0e0c0d8f1d8f8e0.jpg,0,0,0,0,0,0,1
e0e0c0f0f0f8fcf3.jpg,1,0,0,0,0,0,0
e0e0e0b0e8c7cfff.jpg,0,1,1,0,0,0,0
e0e0e0c082c0fef7.jpg,0,0,0,0,0,0,1
e0e0e0e0e0e0c0c0.jpg,0,0,0,1,0,0,1
e0e0e0fcf4b0e0d0.jpg,0,0,0,0,0,1,0
e0e0f0f8fff8f8c0.jpg,0,1,1,0,0,0,0
e0e0f8f8fee0f080.jpg,0,1,1,0,0,0,0
e0e0f9b8735a3002.jpg,0,0,0,0,0,0,1
e0e4f47c7c7f9fcf.jpg,0,1,0,0,0,0,0
e0e8f8f0f0f831ff.jpg,0,0,0,0,0,0,1
e0f0f8fcfc7e3f1f.jpg,0,1,0,0,0,0,0
e0f8f8000003070f.jpg,0,1,0,0,0,0,0
e0f8f8f0f0f0f0e0.jpg,1,0,0,0,0,0,0
e0fef0000488fef8.jpg,0,0,0,0,0,1,0
e1c1e7ffb0c3c300.jpg,0,0,0,0,0,0,1
e1c4040f0f0fbfff.jpg,0,1,0,1,0,0,0
e2f2783c3f3e7e7e.jpg,0,1,0,0,0,0,0
e2f33f2f6314c040.jpg,0,0,1,0,0,0,0
e3833ca19181c0cb.jpg,0,0,0,1,0,1,0
e3e7e7c082c28040.jpg,0,1,0,0,0,0,0
e3e7e7c3c3e7e7e3.jpg,0,0,0,0,0,0,1
e3f3ecbcc8c8c900.jpg,0,0,0,0,0,0,1
e478c0ffffc0c0c0.jpg,0,0,0,0,0,0,1
e4c0e0f8f0f8e0f0.jpg,0,0,0,0,0,0,1
e4c855513ce606c9.jpg,0,0,0,0,1,0,0
e4e4e0e0e0f0e0e0.jpg,0,0,0,0,0,1,0
e4e4e7e7e7e7e7e7.jpg,0,1,0,1,0,0,0
e4e6e7e7e7e7e7e7.jpg,0,1,0,1,0,0,0
e4f0e0e0e0e0f0f0.jpg,0,0,0,0,0,1,0
e4f8fcf4f6ea2100.jpg,0,0,0,0,0,0,1
e50480ce03bbf4f8.jpg,0,1,0,0,0,0,0
e5c716f833763020.jpg,0,0,0,0,0,0,1
e65c1c152c0d071f.jpg,0,0,0,0,1,0,0
e68727070f476c7c.jpg,0,0,1,0,0,0,0
e6c67e4606cefeff.jpg,0,1,0,1,0,0,0
e6f0dde0644c7869.jpg,0,1,0,0,0,0,0
e763b29a0c264607.jpg,0,0,0,0,1,0,0
e7a7f31323889884.jpg,0,0,0,0,0,0,1
e7ae88d6609acc4b.jpg,0,0,0,0,0,0,1
e7c7c7c381c181c1.jpg,0,0,0,0,0,1,0
e7c7e7e7e7e70000.jpg,0,1,0,1,0,0,0
e7e6ff1f1a0e0602.jpg,0,1,0,0,0,0,0
e7e7e7e7c7c7cfcf.jpg,0,1,0,1,0,0,0
e7e7e7e7e7c7cfcf.jpg,0,1,0,1,0,0,0
e7e7e7e7e7e3e3e3.jpg,0,1,0,0,0,0,0
e7e7e7e7e7e76707.jpg,0,1,0,1,0,0,0
e7e7e7e7e7e7e7e7.jpg,0,1,0,1,0,0,0
e7e7e7e7e7e7efc7.jpg,0,1,0,1,0,0,0
e7f7e7e7e7e7e7e7.jpg,0,1,0,1,0,0,0
e7f7f3637f5b0800.jpg,0,0,0,0,0,0,1
e7f7f7e7e7e7e7e7.jpg,0,1,0,1,0,0,0
e808f0feffc0e0c0.jpg,0,1,1,0,0,0,0
e87e3f3f39191b01.jpg,0,0,0,0,0,0,1
e8c2dc18383d7d7f.jpg,0,0,0,0,0,0,1
e8f8f0f0e0e0f0e0.jpg,0,0,0,1,0,1,0
e8fc70f8c0c0c834.jpg,0,0,0,0,0,1,0
e98d0d7eff84c0c0.jpg,0,0,1,0,0,0,0
e9e9f96929a929e9.jpg,0,1,0,0,0,0,0
eae1e143e0f0c103.jpg,0,1,0,0,0,0,0
ebebe3e2e2626040.jpg,0,0,0,0,0,1,0
ecc43078fcf40000.jpg,1,0,0,0,0,0,0
ecdcecfe5a1e5a3e.jpg,0,0,0,0,1,0,0
ecdefcf4f8f8e020.jpg,0,0,0,0,0,1,0
ece4e6b6b4361202.jpg,0,0,0,0,0,1,0
ece6f0f0e0e0e0c0.jpg,0,1,0,0,0,0,0
ece9ebefe6e41820.jpg,0,0,0,0,1,1,0
ed6fe8cc9890d070.jpg,0,0,0,0,0,1,0
ed850505859193d9.jpg,0,0,0,0,0,1,0
ededecf898f07060.jpg,0,0,0,0,0,1,0
eeee69787c502042.jpg,0,0,0,0,1,0,0
eeffdf101083fff0.jpg,0,1,0,1,0,0,0
ef00f2fe3e3cb0a0.jpg,0,1,0,0,0,0,0
ef0301001d0a00ff.jpg,0,0,0,0,1,0,0
efadad2d0d0d0404.jpg,0,1,1,0,0,0,0
efbfffff18000000.jpg,0,0,1,0,0,0,0
efc8888892f74580.jpg,0,0,0,0,0,1,0
efcf8b8d8c8c9414.jpg,0,0,0,0,0,0,1
efdf0f1f37234000.jpg,0,1,0,0,0,0,0
efe7831303010000.jpg,0,0,0,0,0,1,0
efe7e7e7e7034341.jpg,0,1,0,1,0,0,0
efebd981c1c1c103.jpg,0,0,0,0,0,1,0
efede5f31860000f.jpg,0,0,0,0,0,1,0
efee4d4858306060.jpg,0,0,0,0,1,0,0
efef4eac78e08001.jpg,0,0,1,0,0,0,0
efefdfcfc8c0e080.jpg,0,0,0,0,0,1,0
efff6eee6e4c0000.jpg,0,0,1,0,0,1,0
efffff4d081c0c00.jpg,0,1,0,0,0,0,0
f00000e0feffff00.jpg,0,0,0,0,0,0,1
f000037f00ffffff.jpg,0,1,1,0,0,0,0
f0009090f0e0f8ff.jpg,0,0,0,1,0,1,0
f0703a1e0e0e0703.jpg,0,1,0,0,0,0,0
f0b8f0e0f8f0ece8.jpg,0,1,0,0,0,0,0
f0e002a2f0f0f8f8.jpg,0,1,0,0,0,0,0
f0e079ffe3797673.jpg,0,0,1,0,0,0,0
f0e0c0cde8c8c2dc.jpg,0,0,0,0,0,0,1
f0e0f0f0eefcfaf8.jpg,1,0,0,0,0,0,0
f0e0f8f8fef3e121.jpg,0,1,0,0,0,0,0
f0f0e0f0f0e0f8f8.jpg,0,0,0,1,0,1,0
f0f0e0fcccfc7c7c.jpg,0,0,0,0,0,0,1
f0f0f0b3ffff0c80.jpg,0,0,0,0,1,0,0
f0f0f0ee98f8c8b8.jpg,0,1,1,0,0,0,0
f0f0f0ef98f8c8b8.jpg,0,1,1,0,0,0,0
f0f0f0f0f0f0c5e1.jpg,0,0,0,1,0,0,1
f0f0f0f0f0f0f0f0.jpg,0,1,0,1,0,0,0
f0f0f0f4f060e0c0.jpg,0,0,0,0,0,0,1
f0f0f8f070704000.jpg,0,0,0,0,0,0,1
f0f0f8fc74f1e030.jpg,0,0,0,0,0,1,0
f0f1f17938101607.jpg,0,0,0,0,0,1,0
f0f303a7bcaed2c0.jpg,0,0,0,0,0,1,0
f0f81810189fdac2.jpg,0,0,0,0,0,0,1
f0f8e070f4b478f0.jpg,0,0,0,0,0,0,1
f0f8e0f0f0f0f8f0.jpg,0,0,0,0,0,0,1
f0f8f0e8f0f0d030.jpg,0,0,0,0,1,0,0
f0f8f8f8f8d8c8cc.jpg,0,1,0,0,0,0,0
f0f8fcfc9c1c1a10.jpg,1,0,0,0,0,0,0
f0f8fefefffc0000.jpg,0,0,0,0,0,1,0
f0f9f0f2c0400202.jpg,0,0,0,0,0,1,0
f0fabe829911a981.jpg,0,0,0,0,0,0,1
f0fb7e7f783c0360.jpg,0,0,0,0,0,1,0
f0fcd6b8d9880686.jpg,0,0,0,0,0,0,1
f10d07c5cc940dc3.jpg,0,0,0,0,0,1,0
f163c7efe1000202.jpg,0,0,1,0,0,0,0
f1e0400088dfefcf.jpg,0,0,1,0,0,0,0
f1f0f0f170530002.jpg,0,1,0,0,0,0,0
f1f1393c1e1e1e1e.jpg,0,0,0,0,0,0,1
f1f1f9783c3e1e1c.jpg,0,1,0,0,0,0,0
f1f2b38080c08643.jpg,0,0,0,0,0,1,0
f1f3723e1d031b13.jpg,0,1,0,0,0,0,0
f1fb5a9ac8482800.jpg,0,0,0,0,0,0,1
f1fffbe5a7030d0d.jpg,0,1,0,1,0,0,0
f2b6bc9c9c9c0c04.jpg,0,0,1,0,0,0,0
f2d3c7d6dc9858cc.jpg,0,0,0,1,0,0,1
f3210c080a8a3f7b.jpg,0,0,0,0,0,1,0
f3b99b4f03a68c08.jpg,0,0,0,0,0,1,0
f3e7e7e7c7c7c7c7.jpg,0,1,0,1,0,0,0
f3e7e7e7c7c7c7cf.jpg,0,1,0,1,0,0,0
f3e7e7e7e7e7e7e7.jpg,0,1,0,1,0,0,0
f3f0f8c242020001.jpg,0,0,0,0,0,1,0
f3f3b3b070208080.jpg,0,1,0,0,0,0,0
f3f3e7e7e7e7e7e7.jpg,0,1,0,1,0,0,0
f3f3f36b6f4b0800.jpg,0,0,0,0,0,0,1
f3f3f3b31b082020.jpg,0,1,0,0,0,0,0
f3f8fcf6e4018000.jpg,0,0,0,0,0,0,1
f3f8fef0c0c0e0e0.jpg,0,0,0,1,0,1,0
f3f9fe00000100a7.jpg,0,0,0,0,1,0,0
f3fbf0e0c0c08080.jpg,0,0,0,1,0,1,0
f470f86f6cc878f8.jpg,0,0,1,0,0,0,0
f4949894f0f8f09c.jpg,0,0,0,0,0,1,0
f4e4e6c7d6c0c2c2.jpg,0,0,0,0,0,1,0
f4e5c3f7c38240f0.jpg,0,0,0,0,0,0,1
f4f4e4c4c2c2c2d6.jpg,0,0,0,1,0,1,0
f4fcfaf9f0e00000.jpg,0,0,0,0,0,1,0
f4fefa9915508900.jpg,0,1,0,0,0,0,0
f518c418b0f0f320.jpg,0,0,0,0,0,0,1
f5352521a58181a1.jpg,0,0,0,0,0,1,0
f6f6f67c140c0c40.jpg,0,0,0,0,0,1,0
f6f6fcf0fe962000.jpg,0,0,0,0,0,1,0
f6fee7e6c2a60202.jpg,0,0,0,0,0,1,0
f70709991e060e18.jpg,0,0,0,0,0,0,1
f775fe7c3d210100.jpg,1,0,0,0,0,0,0
f778f8f8f8f8f1f0.jpg,0,1,0,0,0,0,0
f7a700e4000000f0.jpg,0,1,0,0,0,0,0
f7b78283032303cf.jpg,0,0,0,0,0,0,1
f7e7e7e7e7e7e7e7.jpg,0,1,0,1,0,0,0
f7e7f1b01018f027.jpg,0,1,0,0,0,0,0
f7e7f7f301010703.jpg,0,0,0,0,0,1,0
f7efdcd91a060983.jpg,0,0,1,0,0,0,0
f7effdfe70301000.jpg,0,1,0,0,0,0,0
f7f3b21a0c060607.jpg,0,0,0,0,1,0,0
f7f3c3e2e8e06024.jpg,0,0,0,0,0,1,0
f7f7a76303010000.jpg,0,0,0,0,1,0,0
f7f7ffdc8c040400.jpg,0,1,0,0,0,0,0
f7fb7f3f0f091100.jpg,0,0,0,0,0,0,1
f7ff9f0301010303.jpg,0,0,0,1,0,1,0
f80000000020ffff.jpg,0,0,0,0,1,0,0
f800b0fefef0fefd.jpg,0,1,0,0,0,0,0
f80cdfdf80fefc00.jpg,0,0,0,0,1,0,0
f831ffffc0c10401.jpg,0,0,0,0,0,1,0
f870f1d032f0f0f0.jpg,0,1,0,0,0,0,0
f87978787cfcfcfc.jpg,0,1,0,0,0,0,0
f87a7b3a03434303.jpg,0,0,0,0,0,1,0
f87cfed988e012e0.jpg,0,1,0,0,0,0,0
f89919181b9f1f1f.jpg,0,0,0,0,0,0,1
f8ac2968fa99e1c1.jpg,0,0,0,0,0,0,1
f8b010c8f8f8f0d8.jpg,0,0,0,0,0,1,0
f8bc981c1a3a0a09.jpg,0,1,0,0,0,0,0
f8c7f3f0f8c08080.jpg,0,0,0,1,0,1,0
f8c8bab91d1d1918.jpg,0,0,0,0,0,1,0
f8d9c94941414141.jpg,0,1,1,0,0,0,0
f8e018bcf8f0c0a0.jpg,0,0,0,0,0,1,0
f8e0607078606074.jpg,0,0,0,0,0,1,0
f8e0f0fee6a010a0.jpg,0,0,0,0,0,0,1
f8f0600004debfbf.jpg,0,1,0,1,0,0,0
f8f0e0f8f8f0f8b0.jpg,0,0,0,0,0,0,1
f8f0e0f8f8f0f8b8.jpg,0,0,0,0,0,0,1
f8f4e8c183071b33.jpg,0,0,0,0,0,1,0
f8f8e0e0e0e0e8c0.jpg,0,0,0,1,0,1,0
f8f8e0e0ffd00001.jpg,0,0,0,0,0,0,1
f8f8e4c0f8f2e2f0.jpg,1,0,0,0,0,0,0
f8f8f0f0e0e0c0c0.jpg,0,1,0,0,0,0,0
f8f8f66462c08000.jpg,0,0,1,0,0,0,0
f8f8f83f3fbe9c05.jpg,0,0,0,0,0,0,1
f8f8f87e3e3e3e3e.jpg,0,1,0,0,0,0,0
f8fc1c78f8ff9703.jpg,0,0,0,0,0,0,1
f8fcf4f6eb610100.jpg,0,0,0,0,0,0,1
f8fcf8d8b8fce020.jpg,0,0,0,0,0,1,0
f8fcfcf8d8fce020.jpg,0,0,0,0,0,1,0
f8fcfffb83c3031d.jpg,0,1,0,1,0,0,0
f8fefdf8e0380000.jpg,0,1,0,0,0,0,0
f8fffbe270c01000.jpg,0,0,0,0,0,1,0
f93bef9f180c1707.jpg,0,0,0,0,1,0,0
f967dedcfe380200.jpg,0,0,0,0,0,0,1
f9795b7b3b1b0101.jpg,0,0,0,0,0,1,0
f979c0001c5634de.jpg,0,0,0,0,0,1,0
f97b7b7a3a3a39b1.jpg,0,0,0,0,0,1,0
f97b7f3710fab800.jpg,0,1,1,0,0,0,0
f97b7f7730fab800.jpg,0,1,1,0,1,0,0
f9909286c5ddebf7.jpg,0,0,0,1,0,1,0
f9df9be71d36003e.jpg,0,1,1,0,0,0,0
f9e1209084cfff7f.jpg,0,1,0,1,0,0,0
f9e2fefef24b1a80.jpg,0,0,0,0,0,1,0
f9eba8dc0401f05c.jpg,0,0,0,0,0,1,0
f9ed7c5a41523504.jpg,0,1,0,0,0,0,0
f9f3fef8f0e08000.jpg,0,1,1,0,0,0,0
f9f6fcf8e0c00040.jpg,0,1,1,0,0,0,0
f9f9f1f1e0000400.jpg,0,0,0,0,0,0,1
f9fb5a9ac8482800.jpg,0,0,0,0,0,0,1
f9fcfce0c0c0c0c0.jpg,0,1,0,1,0,0,0
f9fe7f470428c901.jpg,0,1,0,0,0,0,0
f9fefcc040c0c0c0.jpg,0,1,0,1,0,0,0
fa7b5f4a48484dcd.jpg,1,0,0,0,0,0,0
fa93a30383bfff7f.jpg,0,1,0,1,0,0,0
fafafef800001000.jpg,0,0,0,1,0,1,0
fafdecbd1c160000.jpg,0,0,0,0,1,0,0
fb40000397399aff.jpg,0,1,0,0,0,1,0
fb77b30921212167.jpg,0,0,0,0,0,1,0
fb789def230704a4.jpg,0,1,0,0,0,0,0
fb7b3b1300010f0f.jpg,0,0,0,0,0,1,0
fb7f3f5b99181808.jpg,0,1,0,0,0,0,0
fb90c8e8c9c9b0b0.jpg,0,0,0,0,0,0,1
fb9bf11060f0f0f9.jpg,0,0,0,1,0,1,0
fbc38787c7ef9100.jpg,0,1,0,1,0,0,0
fbdadfcf870f1800.jpg,0,1,0,0,0,0,0
fbdadfcf970f1800.jpg,0,1,0,0,0,0,0
fbdb93121c0523a7.jpg,0,0,0,0,0,0,1
fbdcd8f0c0008d4d.jpg,0,0,0,0,0,1,0
fbf19edc983062e0.jpg,0,0,0,0,0,0,1
fbf2f786a2800020.jpg,0,0,0,0,1,0,0
fbf8f8f0e0d8e0d1.jpg,0,0,0,1,0,1,0
fbf9f9d919180000.jpg,0,1,0,0,0,0,0
fbf9f9f3f3e7e3c0.jpg,0,0,0,1,0,1,0
fbfacf0f3f0f8602.jpg,0,0,0,0,1,0,0
fbfaf2f6e6e6c7cf.jpg,0,0,0,1,0,1,0
fbfafefcd0900000.jpg,0,0,0,0,0,0,1
fbfbfbf380000002.jpg,1,0,0,1,0,0,0
fbfeeff52181a000.jpg,0,0,0,0,0,1,0
fbff070707c08103.jpg,0,0,1,0,0,0,0
fbff0c1818d09083.jpg,0,0,0,0,1,0,0
fbff7f1b11100020.jpg,0,0,1,0,0,0,0
fbffc7e6fb602000.jpg,0,0,0,0,0,0,1
fbffeff8e0c0c0c0.jpg,0,0,0,1,0,1,0
fbffff3bc0840000.jpg,0,0,0,0,1,0,0
fbffffce1c0b0800.jpg,0,0,1,0,0,0,0
fc0c4800a0f0d3ff.jpg,0,0,0,0,0,0,1
fc3c181818181818.jpg,0,1,0,1,0,0,0
fc3c1c1818181818.jpg,0,1,0,1,0,0,0
fc6c2e3c3d2c3929.jpg,0,0,0,0,0,1,0
fc7431190c1a1876.jpg,0,0,1,0,0,0,0
fc7478bcb08b58f0.jpg,0,0,0,0,1,1,0
fc78393918191b49.jpg,0,0,1,0,0,0,0
fc783f1ff9800400.jpg,0,1,1,0,0,0,0
fc787cfefcc00000.jpg,1,0,0,0,0,0,0
fc7a3f1ff9800400.jpg,0,1,1,0,1,0,0
fc7c3c3c242cbc24.jpg,0,0,0,0,0,1,0
fc7c3c3c3e2e2623.jpg,0,0,0,0,0,0,1
fc9c7cfe7c040462.jpg,0,0,0,0,0,1,0
fcbc3c7cd846a8f8.jpg,0,0,0,0,0,1,0
fcc0f07cfc3cf8f0.jpg,0,0,0,0,0,0,1
fcc1c0d0c7e6d0e1.jpg,0,0,0,0,0,0,1
fcd0f89c84c00d0c.jpg,0,1,1,0,0,0,0
fcdefcfcf8f8e070.jpg,0,0,0,0,1,1,0
fcdefcfcf8f8e0f0.jpg,0,0,0,0,1,1,0
fce0e07680c3c101.jpg,0,0,1,0,0,0,0
fce4e0f0f0e0f4e4.jpg,0,0,0,0,1,0,0
fcf0b08206170e0f.jpg,0,0,0,0,0,1,0
fcf0e830003ef700.jpg,0,0,0,0,0,1,0
fcf8e0fce0c0c0c0.jpg,0,0,0,0,0,1,0
fcf8fcfcfcf8e000.jpg,0,0,0,0,0,1,0
fcf9f2313b1e1d1f.jpg,0,1,0,0,0,0,0
fcfc38f0f0f02804.jpg,0,0,0,1,0,0,1
fcfc3c3c243cbc20.jpg,0,0,0,0,0,1,0
fcfc3c3d7c342000.jpg,0,1,0,0,0,0,0
fcfcccccd08080c0.jpg,0,0,0,1,0,1,0
fcfcd8d8c8c08080.jpg,0,1,0,1,0,0,0
fcfcf092f0c090e0.jpg,1,0,0,0,0,0,0
fcfcf2c080c0fc37.jpg,0,0,0,0,0,1,0
fcfcf6d878c8c846.jpg,0,0,0,0,0,0,1
fcfcf8fe08980808.jpg,0,0,0,0,0,1,0
fcfcf9f8f8d04000.jpg,0,0,0,1,0,1,0
fcfcf9fdc48090d0.jpg,0,0,0,1,0,1,0
fcfcfcb939191931.jpg,0,0,0,0,0,0,1
fcfcfcf8eca50080.jpg,0,0,0,0,0,1,0
fcfcfcfcfef0e080.jpg,0,0,0,0,0,1,0
fcfcfcfcfff0e0c0.jpg,0,0,0,0,0,1,0
fcfcfd747c682000.jpg,0,0,0,0,0,0,1
fcfdbdb330c08088.jpg,0,1,0,0,0,0,0
fcfe7cff0002d070.jpg,0,0,0,0,0,1,0
fcfe7f7f3b220024.jpg,0,0,0,0,1,0,0
fcfefefec6fefe0e.jpg,1,0,0,0,0,0,0
fcfff7c38000ffff.jpg,0,1,0,1,0,0,0
fd091f9ef0b0f161.jpg,0,0,1,0,0,0,0
fd191f0fd9b030f0.jpg,0,0,1,0,0,0,0
fd59d9c0c0c0c0c0.jpg,0,0,0,0,0,1,0
fd747e3c1e1a08fe.jpg,0,0,0,0,0,1,0
fd796818fccb0008.jpg,0,0,1,0,0,0,0
fd7d343416119090.jpg,0,0,0,0,0,1,0
fd8f86e7657d2808.jpg,0,0,1,0,0,0,0
fdbfa0808484feee.jpg,0,0,0,0,1,0,0
fdedc5e5e73f0f0e.jpg,0,1,0,0,0,0,0
fdf0f8f0f0c0b0c0.jpg,0,0,0,1,0,1,0
fdf478e1e306020e.jpg,0,0,0,0,0,1,0
fdf5f76743430201.jpg,0,0,0,0,0,1,0
fdf9f9c1c4c48080.jpg,0,0,0,1,0,0,1
fdfaac3ef2581920.jpg,0,0,0,0,0,1,0
fdfb1705226667e7.jpg,0,0,1,0,0,0,0
fdfbdfbf3a222200.jpg,1,0,0,0,0,0,0
fdfbe2c183070f0d.jpg,0,0,0,0,0,0,1
fdfbf3e783010d04.jpg,0,1,0,1,0,0,0
fdfbfe785a080000.jpg,0,1,0,0,0,0,0
fdfc78e1c346020f.jpg,0,0,0,0,0,1,0
fdfcf4c081818280.jpg,0,0,0,1,0,1,0
fdfcfcf800000010.jpg,0,0,0,1,0,1,0
fdfcfcfc00001010.jpg,0,0,0,1,0,1,0
fdfcffe0e0800000.jpg,0,0,1,0,0,0,0
fdff9e99e4c00370.jpg,0,0,1,0,0,0,0
fdffd8f0f0a08080.jpg,0,0,0,0,0,0,1
fdffff7da7020000.jpg,1,0,0,0,0,0,0
fdfffff240000000.jpg,0,0,0,0,0,1,0
fe00ffff13e01008.jpg,0,0,0,0,0,1,0
fe18c080200001ff.jpg,0,1,0,0,1,0,0
fe3cfcfcf8f00000.jpg,0,0,0,0,0,1,0
fe3f3ebc994b0000.jpg,0,0,0,0,0,1,0
fe7000e0f828f0f8.jpg,0,0,0,0,0,1,0
fe7f7e3e3e0c0000.jpg,1,0,0,1,0,0,0
fe8f00b0f070fce2.jpg,0,0,0,0,0,1,0
fe9e7d7f0301031e.jpg,0,0,0,0,0,1,0
fec77ac4fa9c8203.jpg,0,1,0,0,0,0,0
fede3efef8000080.jpg,0,0,0,0,0,1,0
fee0c74680474f00.jpg,0,0,0,0,0,0,1
fee1f0fcf0c08080.jpg,0,0,0,1,0,1,0
fee6127b1d890306.jpg,0,0,0,0,1,0,0
feee2e2d3c050404.jpg,0,0,0,0,0,1,0
feee6e6c74644000.jpg,0,0,0,0,0,1,0
feeeccfb1a040000.jpg,1,0,0,0,0,0,0
feeecd5f16a22245.jpg,0,0,1,0,1,0,0
fef06fe7e0c0c444.jpg,0,0,0,0,0,0,1
fef33e684f0d0404.jpg,0,0,0,0,0,1,0
fef3e1e3c70f0303.jpg,0,1,0,0,0,0,0
fef4d8e8e0e0e8e0.jpg,0,0,0,1,0,1,0
fef8e07280c3c101.jpg,0,0,1,0,0,0,0
fef8e8b0d0f0e480.jpg,0,0,0,0,0,1,0
fef9fbf0e0e0b010.jpg,1,0,0,0,0,0,0
fefc7d19381c191e.jpg,0,0,0,0,0,1,0
fefce0f8f0f0e0c0.jpg,0,1,1,0,0,0,0
fefcf000000048e0.jpg,0,0,0,0,0,0,1
fefcfcd8e280e020.jpg,0,0,0,1,0,1,0
fefcfcf0f070c0c0.jpg,0,0,0,1,0,1,0
fefd1b016667670f.jpg,0,0,1,0,0,0,0
fefdff6eeee8e060.jpg,0,0,0,0,0,1,0
fefe7c1e1f270400.jpg,0,0,0,0,0,0,1
fefe7f9c11028884.jpg,0,0,0,0,1,0,0
fefeb4a6ae32c382.jpg,0,0,0,0,1,0,0
fefebcf4fe820002.jpg,0,0,0,0,0,1,0
fefebcf8d000078f.jpg,0,0,0,0,1,0,0
fefede9818181819.jpg,0,0,0,0,0,0,1
fefefbf9a0204000.jpg,0,0,0,0,0,1,0
fefefe7ac0700800.jpg,0,0,0,1,0,1,0
fefefefe00000000.jpg,0,0,0,0,0,1,0
fefefefec3808000.jpg,0,0,0,1,0,1,0
fefeffdb10181000.jpg,1,0,0,0,0,0,0
feff7ef840c07818.jpg,0,0,0,1,0,1,0
feff870f0d0a0400.jpg,0,0,0,0,1,0,0
feffe0f0c0a80800.jpg,0,0,0,0,1,0,0
feffff8f01000000.jpg,1,0,0,1,0,0,0
feffffff00000000.jpg,1,0,0,0,0,0,0
ff0000000000dcff.jpg,1,0,0,0,0,0,0
ff0000003dffff00.jpg,0,1,0,0,0,0,0
ff0101010101017f.jpg,0,1,0,1,0,0,0
ff0706273fe7c900.jpg,0,1,0,1,0,0,0
ff08fefeecc48000.jpg,1,0,0,0,0,0,0
ff0901010100007f.jpg,0,1,0,1,0,0,0
ff0901010101013b.jpg,0,1,0,1,0,0,0
ff0901010101013f.jpg,0,1,0,1,0,0,0
ff0901010101017f.jpg,0,1,0,1,0,0,0
ff0b01010100003f.jpg,0,1,0,1,0,0,0
ff0f0183c3c3e0e0.jpg,0,1,0,1,0,0,0
ff0f0f0e010b2ea4.jpg,0,0,1,0,0,0,0
ff1f07070e0e0c1c.jpg,0,1,0,0,0,0,0
ff1f91bffe370000.jpg,0,0,0,0,0,0,1
ff2db5b199360024.jpg,0,0,0,0,0,0,1
ff2dbcec3c000000.jpg,1,0,0,0,0,0,0
ff3d190900818080.jpg,0,0,0,1,0,1,0
ff3f0f0f07030301.jpg,0,0,0,1,0,0,1
ff3f19030d1c3020.jpg,0,0,0,0,0,1,0
ff3f1b131311c080.jpg,0,0,0,1,0,0,1
ff3f1f1f3c313c04.jpg,0,0,0,0,0,0,1
ff3f2f3733323312.jpg,0,1,0,0,0,0,0
ff3f3f3732361212.jpg,0,1,0,0,0,0,0
ff3f3f3f3f300000.jpg,0,0,0,0,0,1,0
ff3f47000b030040.jpg,0,1,0,0,0,0,0
ff3f76c10dca80c0.jpg,0,1,0,0,0,0,0
ff3f7b4306011100.jpg,0,0,0,0,1,0,0
ff3f7e5f07070d00.jpg,0,0,1,0,1,0,0
ff3f7e7f07070d00.jpg,0,0,1,0,0,0,0
ff4f07a7c7034367.jpg,0,1,0,1,0,0,0
ff587c7c7c7870ff.jpg,0,1,0,0,0,0,0
ff5b40402f3b7bef.jpg,0,0,1,0,0,0,0
ff6de00101e1e0f0.jpg,0,0,0,0,0,0,1
ff723f3e1f170302.jpg,0,1,0,0,0,0,0
ff7afaf8f25a0000.jpg,0,1,0,0,0,0,0
ff7e3e0731380301.jpg,0,1,0,0,0,0,0
ff7f0f0300000000.jpg,1,0,0,0,0,0,0
ff7f1d9c58101010.jpg,0,0,0,0,0,1,0
ff7f3f0703000000.jpg,0,0,0,0,0,1,0
ff7f3f3f17170303.jpg,0,1,1,0,0,0,0
ff7f3f4d59580000.jpg,0,0,0,0,0,1,0
ff7f4140c0e08080.jpg,0,0,1,0,0,0,0
ff7f418180808b7f.jpg,0,0,0,1,0,1,0
ff7f5f1f0f1f0f0f.jpg,0,0,0,0,0,0,1
ff7f5f4d48500000.jpg,0,0,0,0,0,1,0
ff7f6a2c00033f01.jpg,0,0,0,1,0,0,1
ff7f730783011900.jpg,0,0,0,0,1,0,0
ff7f7f3331313100.jpg,0,0,0,1,0,0,1
ff7f7f7230313100.jpg,0,0,0,1,0,0,1
ff7f7f9d0fa42121.jpg,1,0,0,1,0,0,0
ff7f9fdfc0000000.jpg,1,0,0,0,0,0,0
ff7fbd3939180000.jpg,0,0,0,0,0,0,1
ff7ffee1810101c0.jpg,1,0,0,0,0,0,0
ff830300000083ff.jpg,0,0,0,1,0,1,0
ff918381810101f9.jpg,0,0,0,0,0,1,0
ff9f03010186040c.jpg,0,0,0,0,0,1,0
ff9f1c1800c0e0e0.jpg,0,1,0,0,0,0,0
ffab83818181c3ff.jpg,0,0,0,1,0,0,1
ffb776f6f4240013.jpg,1,0,0,0,0,0,0
ffbd9190f487c404.jpg,1,0,0,0,0,0,0
ffbeefef2d614000.jpg,0,0,0,0,0,1,0
ffbefa941c1e1010.jpg,0,1,0,0,0,0,0
ffbf7d2d30000000.jpg,0,0,0,0,0,0,1
ffbf7f5a08190000.jpg,0,1,0,0,0,1,0
ffbf9f07017d7820.jpg,0,0,0,0,0,1,0
ffbfa76347c78618.jpg,0,0,0,0,0,1,0
ffbfb03133180031.jpg,0,1,0,0,0,0,0
ffc1fcb8c0e0c0c0.jpg,0,0,0,1,0,1,0
ffc780fc4000e0f0.jpg,0,0,0,0,0,1,0
ffc7c7d792820200.jpg,0,0,0,0,0,1,0
ffcec686820004cf.jpg,0,0,0,1,0,0,1
ffcede661e0e0321.jpg,0,0,0,0,1,0,0
ffcede761e0e0321.jpg,0,0,0,0,1,0,0
ffcf2e2e268e8e08.jpg,0,0,1,0,0,0,0
ffcf4b0b0b0b0303.jpg,0,0,0,1,0,0,1
ffd1c2d1808080ff.jpg,0,0,0,1,0,1,0
ffdb4f8d89190501.jpg,0,0,0,0,0,0,1
ffdbda72230a40e0.jpg,0,0,0,0,1,0,0
ffdd9b373c381828.jpg,0,0,0,1,0,0,1
ffdf0c0c0c040706.jpg,0,0,0,0,1,0,0
ffdf0c0c0c0c0707.jpg,0,1,0,0,0,0,0
ffdf7e6c6c303818.jpg,1,0,0,0,0,0,0
ffdf7f7741010303.jpg,0,0,0,0,0,1,0
ffdf86060605050d.jpg,0,0,0,1,0,0,1
ffdf9bc101264000.jpg,0,0,0,0,0,0,1
ffdf9fbf20202020.jpg,0,0,0,0,0,0,1
ffdfc34707030707.jpg,0,0,0,0,0,1,0
ffdfcfc18381c083.jpg,0,0,0,1,0,0,1
ffdfd1c1c1c0efc0.jpg,0,0,0,1,0,0,1
ffdfde5c1f0a1000.jpg,0,0,1,0,0,0,0
ffdfdf4b40c08000.jpg,0,1,0,0,1,0,0
ffdfdf9b41c08400.jpg,1,0,0,1,0,0,0
ffe0fcfcf0c08080.jpg,0,0,0,1,0,1,0
ffe6cccc4c083058.jpg,0,0,0,0,0,1,0
ffe7be7f7f5f0000.jpg,1,0,0,0,0,0,0
ffe7e3e1c1c08000.jpg,0,0,0,1,0,0,1
ffede7d790000101.jpg,0,1,0,0,0,0,0
ffef0e06db1300c5.jpg,1,0,0,0,0,0,0
ffef7e7761400008.jpg,0,0,0,0,0,1,0
ffefc1c1c1818181.jpg,0,0,0,1,0,0,1
ffefc38181c18181.jpg,0,0,0,1,0,0,1
ffefc7c040c0d080.jpg,1,0,0,0,0,0,0
ffefcc3937092d07.jpg,0,0,0,0,0,0,1
ffefe78080c0c0c0.jpg,0,0,0,1,0,1,0
ffefe7e787060000.jpg,0,1,0,0,0,1,1
ffefec88c3c7c040.jpg,0,0,0,0,0,1,0
ffefeec8d1804010.jpg,0,0,0,0,0,0,1
fff000000000ffff.jpg,0,1,0,0,0,0,0
fff0000000e000ff.jpg,0,1,0,0,1,0,0
fff2bbc070000010.jpg,0,0,0,0,0,1,0
fff351fbd80000c0.jpg,0,0,0,0,0,1,0
fff3614301011119.jpg,0,0,0,0,0,1,0
fff3c3c3c1c08080.jpg,0,0,0,1,0,0,1
fff3e3e3a7010101.jpg,0,0,0,0,0,0,1
fff4b68f80981860.jpg,0,0,0,0,0,1,0
fff5b5c0c1c0c1c1.jpg,0,1,0,1,0,0,0
fff6777676644000.jpg,0,0,0,0,0,1,0
fff6d340e060a0b1.jpg,0,0,0,0,0,1,0
fff6e0fc74f0e2e4.jpg,0,0,0,0,0,1,0
fff70000e0602030.jpg,0,0,0,0,0,0,1
fff70f3f00000000.jpg,0,0,0,0,1,0,0
fff73f7e5f1e0200.jpg,0,0,0,0,0,1,0
fff76e48c98c0600.jpg,1,0,0,0,0,0,0
fff7870505050707.jpg,0,0,0,1,0,0,1
fff7d3f918000301.jpg,0,0,0,0,0,0,1
fff7f31e9fdac800.jpg,0,1,0,0,0,0,0
fff7f7e0c08080c0.jpg,0,0,0,1,0,0,1
fff7fa7e3f070300.jpg,0,0,0,0,0,0,1
fff7ff0f43b30200.jpg,0,0,0,0,0,0,1
fff8787c7a400000.jpg,1,0,0,0,0,0,0
fff8bc40000008ce.jpg,0,0,0,0,0,1,0
fff8f0673f7fe000.jpg,0,0,0,1,0,1,0
fff8f0b0f0616070.jpg,0,0,1,0,0,0,0
fff8fcecf0402000.jpg,1,0,0,0,0,0,0
fff9b786ccc89000.jpg,0,0,0,0,0,0,1
fff9f0e8c2400000.jpg,0,0,1,0,0,0,0
fff9fcfc48000000.jpg,0,0,0,1,0,0,1
fffafe3e34303100.jpg,0,0,0,0,0,1,0
fffb000e04040606.jpg,1,0,0,1,0,0,0
fffb71d3d090c000.jpg,0,0,0,0,0,1,0
fffb8583408c83ef.jpg,0,0,0,0,0,0,1
fffb989e86040623.jpg,1,0,0,0,0,0,0
fffbaf86c3c28000.jpg,0,1,1,0,0,0,0
fffbbb3911101660.jpg,0,0,0,0,0,1,0
fffbd3c2c0e060e0.jpg,0,0,0,0,0,1,0
fffbf8dac2c0c048.jpg,0,0,0,0,0,1,0
fffbf95981818000.jpg,0,1,0,0,0,0,0
fffbf97032000000.jpg,0,0,0,1,0,0,1
fffc00000000ffff.jpg,0,1,0,0,0,0,0
fffc00b0b89cac0c.jpg,1,0,0,0,0,0,0
fffc10e1800000ef.jpg,0,0,0,0,0,0,1
fffcdc78220b070d.jpg,0,0,0,0,0,0,1
fffcdedf120020f0.jpg,0,0,0,0,0,1,0
fffce28080c0c3c7.jpg,1,0,0,1,0,0,0
fffcf4a018800000.jpg,0,0,1,0,0,0,0
fffcf4e080000103.jpg,0,0,0,0,0,0,1
fffcf8a8a8684848.jpg,1,0,0,0,0,0,0
fffcf8f0ffff0000.jpg,0,0,0,0,0,0,1
fffcfc7781800000.jpg,1,0,0,0,0,0,0
fffcfc8290300004.jpg,0,0,0,0,0,1,0
fffcfef8c0808080.jpg,0,0,0,1,0,1,0
fffd0d1931018343.jpg,1,0,0,0,0,0,0
fffd2d6d09000c1c.jpg,0,0,0,0,0,0,1
fffd6760e0340004.jpg,0,1,0,0,0,0,0
fffd848c90981939.jpg,0,1,1,0,0,0,0
fffdacf370500001.jpg,0,0,1,0,0,0,0
fffdb4941c1c1001.jpg,0,0,0,0,0,1,0
fffdbdf7c1080100.jpg,0,0,0,0,0,0,1
fffde60701020004.jpg,0,0,0,0,0,1,0
fffde878f8d00000.jpg,0,0,0,1,0,1,0
fffdf97070300100.jpg,1,0,0,0,0,0,0
fffdfbc1c080c0e0.jpg,0,0,0,1,0,0,1
fffdfcf881c40000.jpg,0,0,0,0,0,1,0
fffdfdbf0f090004.jpg,0,0,0,0,0,0,1
fffdfde0c0808080.jpg,0,0,0,1,0,1,0
fffdfe361e040410.jpg,1,0,0,0,0,0,0
fffe00000000c000.jpg,0,1,0,0,0,0,0
fffe0000f00000ff.jpg,0,1,0,0,0,0,0
fffe6e680000d6fe.jpg,0,0,0,1,0,0,1
fffe7c380080c2e3.jpg,0,0,0,0,0,0,1
fffe7e4242c202ea.jpg,0,0,0,1,0,0,1
fffe7ecc8584c000.jpg,0,0,0,1,0,1,0
fffe8000000000ff.jpg,0,0,0,1,0,1,0
fffec42000000000.jpg,0,0,0,0,1,0,0
fffed2c2c0c0fe80.jpg,0,0,0,1,0,0,1
fffed742e0e060b1.jpg,0,0,0,0,0,1,0
fffee08000000000.jpg,1,0,0,1,0,0,0
fffeeee601070300.jpg,0,0,0,0,0,1,0
fffeefbfa0800000.jpg,0,0,0,0,0,1,0
fffeefe708052100.jpg,0,0,0,0,0,1,0
fffeefe788052100.jpg,0,0,0,0,0,1,0
fffef1f50a808000.jpg,0,0,1,0,0,0,0
fffef57470120000.jpg,1,0,0,0,0,0,0
fffef87878100060.jpg,0,1,0,0,0,0,0
fffef8f080000103.jpg,0,0,0,0,0,0,1
fffef8f8c0c0c0c0.jpg,0,1,0,0,0,0,0
fffefafaf8000000.jpg,1,0,0,0,0,0,0
fffefc04180c0000.jpg,1,0,0,0,0,0,0
fffefce0e0e06000.jpg,1,0,0,0,0,0,0
fffefcf4f0b02020.jpg,0,1,0,0,0,0,0
fffefe9701000000.jpg,0,0,0,0,1,0,0
fffefef4343c3c14.jpg,0,1,0,0,0,0,1
fffefeff5f042000.jpg,1,0,0,0,0,0,0
fffeff3d6850d009.jpg,0,0,0,0,1,0,0
fffefffce4440000.jpg,1,0,0,0,0,0,0
fffefffcf080c040.jpg,1,0,0,0,0,0,0
fffefffe20200000.jpg,1,0,0,0,0,0,0
ffff000000000000.jpg,1,0,0,0,0,0,0
ffff0000000000df.jpg,1,0,0,1,0,0,0
ffff0000000000ff.jpg,0,0,0,0,1,0,0
ffff01010000005f.jpg,1,0,0,1,0,0,0
ffff0300008082bf.jpg,1,0,0,1,0,0,0
ffff070000000000.jpg,1,0,0,0,0,0,0
ffff070703032306.jpg,1,0,0,0,0,0,0
ffff09c000010000.jpg,1,0,0,0,0,0,0
ffff0c9f3d9f8100.jpg,0,0,1,0,0,0,0
ffff0d0c8cc20f43.jpg,0,0,0,0,0,0,1
ffff0d49c0782000.jpg,0,0,0,0,0,1,0
ffff0e0e0a0e0e0f.jpg,0,0,0,0,0,0,1
ffff0f0c20808081.jpg,0,0,0,0,0,0,1
ffff0f1b03070200.jpg,1,0,0,0,0,0,0
ffff0f8f09100000.jpg,0,0,0,0,1,0,0
ffff0fc343010000.jpg,0,0,0,1,0,0,1
ffff10000000007e.jpg,1,0,0,0,0,0,0
ffff199919b03078.jpg,1,0,0,0,0,0,0
ffff1b08000000f0.jpg,1,0,0,1,0,0,0
ffff1e1e1cfcdc1c.jpg,0,0,0,0,0,0,1
ffff1f040080c0f8.jpg,0,0,0,1,0,1,0
ffff1f0783010000.jpg,0,0,0,1,0,0,1
ffff1f17000000ff.jpg,1,0,0,0,0,0,0
ffff1f1f3f090101.jpg,1,0,0,0,0,0,0
ffff1f8f0f0e0000.jpg,0,1,0,0,0,0,0
ffff1fcf61010101.jpg,0,0,0,1,0,0,1
ffff211178000011.jpg,0,0,0,1,0,1,0
ffff376727030202.jpg,1,0,0,0,0,0,0
ffff3b3f6e0e0830.jpg,1,0,0,0,0,0,0
ffff3c8c00000000.jpg,1,0,0,0,0,0,0
ffff3dbf8f060010.jpg,0,0,0,0,0,1,0
ffff3f0300010000.jpg,0,1,0,0,0,0,0
ffff3f0fe1000600.jpg,0,1,0,0,0,0,0
ffff3f3501000000.jpg,1,0,0,0,0,0,0
ffff3f3f53000000.jpg,0,0,0,0,0,0,1
ffff3f5d59580000.jpg,0,0,0,0,0,1,0
ffff3f7830000808.jpg,0,0,0,1,0,0,1
ffff3f9fcc111818.jpg,0,0,0,0,0,1,0
ffff40fefff80000.jpg,0,0,0,0,0,1,0
ffff47050c050000.jpg,0,0,0,0,0,1,0
ffff492306000804.jpg,0,0,0,0,0,1,0
ffff4dc9c0382000.jpg,0,0,0,0,0,1,0
ffff4f0a08000000.jpg,1,0,0,0,0,0,0
ffff6800000080e0.jpg,1,0,0,0,0,0,0
ffff6f373f390000.jpg,0,1,1,0,0,0,0
ffff775790888040.jpg,1,0,0,0,0,0,0
ffff7a2e02277f00.jpg,0,0,0,1,0,0,1
ffff7cb090f0d010.jpg,0,0,0,0,0,1,0
ffff7e0f03030303.jpg,0,0,0,1,0,1,0
ffff7e3821ee2000.jpg,0,0,1,0,1,0,0
ffff7e7800000000.jpg,0,0,0,1,0,1,0
ffff7ef8f87e0000.jpg,0,1,0,0,0,0,0
ffff7f0000000000.jpg,1,0,0,1,0,0,0
ffff7f030f030200.jpg,1,0,0,0,0,0,0
ffff7f0402000100.jpg,0,0,0,0,1,0,0
ffff7f3000000000.jpg,1,0,0,0,0,0,0
ffff7f3e380c1000.jpg,0,0,0,0,0,0,1
ffff7f454140c1c1.jpg,0,0,0,1,0,0,1
ffff7f7740000008.jpg,0,0,0,0,1,0,0
ffff7f7838300000.jpg,1,0,0,0,0,0,0
ffff7f7f7d007c00.jpg,0,1,0,1,0,0,0
ffff7fe78f0200c0.jpg,0,0,0,0,1,0,0
ffff7fffe1000000.jpg,1,0,0,0,0,0,0
ffff80808000f8ff.jpg,0,1,0,0,0,0,0
ffff810000000000.jpg,1,0,0,0,0,0,0
ffff818180008008.jpg,1,0,0,1,0,0,0
ffff8383838383c3.jpg,0,0,0,1,0,0,1
ffff870303a3930f.jpg,0,1,0,1,0,0,0
ffff870781e5c706.jpg,0,1,0,1,0,0,0
ffff870f0f470004.jpg,0,1,0,0,1,0,0
ffff871f0f470004.jpg,0,1,0,0,0,0,0
ffff8f00340c0000.jpg,1,0,0,0,0,0,0
ffff8f0300800000.jpg,1,0,0,0,0,0,0
ffff8feba1811000.jpg,0,0,0,0,0,1,0
ffff97c7d1000000.jpg,0,0,0,1,0,0,1
ffff9f0402161801.jpg,0,0,1,0,0,0,0
ffff9f0703810000.jpg,0,0,0,1,0,0,1
ffff9f0f01000000.jpg,0,0,0,1,0,0,1
ffff9fc470780000.jpg,1,0,0,0,0,0,0
ffffa7830383e3c1.jpg,0,0,0,1,0,0,1
ffffa7838383e3c1.jpg,0,0,0,1,0,0,1
ffffb77bb9800000.jpg,0,0,0,0,0,0,1
ffffb90200000000.jpg,0,0,0,0,0,1,0
ffffbb6878990000.jpg,0,0,0,0,0,1,0
ffffbbb200000000.jpg,1,0,0,0,0,0,0
ffffbbc586020000.jpg,0,0,0,0,0,0,1
ffffbd397110a204.jpg,1,0,0,0,0,0,0
ffffbeda81890080.jpg,0,0,0,1,0,1,0
ffffbf07030387c0.jpg,0,0,0,1,0,0,1
ffffbf1919104040.jpg,0,0,0,0,0,1,0
ffffbf1f00000000.jpg,0,0,0,0,0,0,1
ffffbf1f09090908.jpg,1,0,0,0,0,0,0
ffffbf290000000b.jpg,0,1,0,1,0,0,0
ffffbf2c40008000.jpg,1,0,0,1,0,0,0
ffffbf3e3c000000.jpg,1,0,0,0,0,0,0
ffffbf8303010101.jpg,0,0,0,1,0,0,1
ffffc1808081f1eb.jpg,0,0,0,1,0,0,1
ffffc18080c1f1eb.jpg,0,0,0,1,0,0,1
ffffc28000c3f783.jpg,0,0,0,1,0,0,1
ffffc300c08080c2.jpg,0,0,0,0,0,1,0
ffffc381c1c18181.jpg,0,0,0,1,0,0,1
ffffc3c1c1808083.jpg,0,0,0,1,0,0,1
ffffc48000c3f783.jpg,0,0,0,1,0,0,1
ffffc5404161f1f0.jpg,0,0,0,1,0,0,1
ffffc54041e1f1f0.jpg,0,0,0,1,0,0,1
ffffc70608000000.jpg,0,0,0,0,1,0,0
ffffc783010100f1.jpg,1,0,0,1,0,0,0
ffffc783838101cf.jpg,0,0,0,1,0,0,1
ffffc7c3c1808000.jpg,0,0,0,1,0,0,1
ffffc8800001070f.jpg,0,0,0,0,0,0,1
ffffc8c0c0c0e0ff.jpg,0,0,0,1,0,0,1
ffffc9e126460606.jpg,0,1,0,0,0,0,0
ffffcbc38080e0e0.jpg,0,1,1,0,0,0,0
ffffcd0c60303079.jpg,0,0,1,0,0,0,0
ffffce4c40c00000.jpg,1,0,0,0,0,0,0
ffffcf3509020100.jpg,1,0,0,0,0,0,0
ffffcf873c000000.jpg,0,0,1,0,0,0,0
ffffcf8d01000000.jpg,0,0,0,0,1,0,0
ffffcfc7c3810000.jpg,0,0,0,1,0,0,1
ffffcfcf8f070300.jpg,0,0,0,1,0,0,1
ffffd0400c010002.jpg,1,0,0,0,0,0,0
ffffd1f369030000.jpg,0,0,0,0,0,0,1
ffffd2c2c0e0fe80.jpg,0,0,0,1,0,0,1
ffffd340c08080e0.jpg,0,0,0,0,0,0,1
ffffd71f0d0f0808.jpg,0,1,0,0,0,0,0
ffffd8593b200020.jpg,0,0,0,0,1,0,0
ffffd878c0c0c0c0.jpg,0,0,0,0,0,1,0
ffffd878c240c0c0.jpg,0,0,0,0,0,1,0
ffffd878d0c040c0.jpg,0,0,0,0,0,1,0
ffffdb3f2c404081.jpg,0,0,0,1,0,0,1
ffffdf0303030307.jpg,0,0,0,0,0,0,1
ffffdf03c0000000.jpg,0,0,0,0,0,1,0
ffffdf1f01000002.jpg,0,0,0,1,0,1,0
ffffdf82c0e06060.jpg,0,0,0,0,0,1,0
ffffdf8d80000000.jpg,0,0,0,0,0,0,1
ffffdfcac080a0e0.jpg,0,0,0,0,1,0,0
ffffe00000000000.jpg,1,0,0,0,0,0,0
ffffe1600101c323.jpg,0,0,0,1,0,0,1
ffffe1c080800100.jpg,0,0,0,1,0,0,1
ffffe1c1c1c18080.jpg,0,0,0,1,0,0,1
ffffe303030383c7.jpg,0,0,0,1,0,0,1
ffffe3091f170107.jpg,0,0,0,0,0,0,1
ffffe3c3c3c3c3c3.jpg,0,0,0,1,0,0,1
ffffe5e0d0808080.jpg,0,0,0,1,0,1,0
ffffe70000000000.jpg,1,0,0,0,0,0,0
ffffe703030307c6.jpg,0,0,0,1,0,0,1
ffffe7838383c3c3.jpg,0,0,0,1,0,0,1
ffffe78383c3c3c2.jpg,0,0,0,1,0,0,1
ffffe7e0e0c08080.jpg,0,0,0,1,0,0,1
ffffe7e1c141e100.jpg,0,0,0,1,0,0,1
ffffe7e720000000.jpg,1,0,0,0,0,0,0
ffffe9e4d4040602.jpg,0,0,0,1,0,1,0
ffffebc100030000.jpg,1,0,0,0,0,0,0
ffffebe2c7410303.jpg,0,0,0,0,0,0,1
ffffee0000000000.jpg,0,0,0,0,0,1,0
ffffef0607060707.jpg,0,0,0,1,0,0,1
ffffef2f8d080000.jpg,0,0,0,0,1,0,0
ffffef40e0b80c00.jpg,0,0,0,0,0,1,0
ffffefa8c0c08080.jpg,0,0,0,1,0,0,1
ffffefe308444140.jpg,0,0,0,0,1,1,0
ffffefe3c0c08080.jpg,0,0,0,1,0,0,1
ffffefef87014544.jpg,0,1,0,1,0,0,0
ffffefef8f014105.jpg,0,1,0,1,0,0,0
fffff0001efcf8f0.jpg,0,1,0,0,0,0,0
fffff00040000000.jpg,1,0,0,0,0,0,0
fffff08880c02080.jpg,0,0,0,0,1,0,0
fffff0c0c0c0c040.jpg,0,1,0,1,0,0,0
fffff0d800044731.jpg,0,0,0,0,0,0,1
fffff10000000000.jpg,1,0,0,0,0,0,0
fffff1f50a808000.jpg,0,0,1,0,0,0,0
fffff3a3a3000001.jpg,0,1,1,0,0,0,0
fffff3c303838383.jpg,0,0,0,1,0,0,1
fffff3e0c0808000.jpg,0,0,0,1,0,0,1
fffff3f081808180.jpg,0,1,0,1,0,0,0
fffff4a400828e01.jpg,0,0,0,1,0,0,1
fffff61e080c2200.jpg,1,0,0,0,0,0,0
fffff66022350000.jpg,0,0,0,1,0,0,1
fffff67630340800.jpg,0,1,0,0,0,0,0
fffff7004040c6c7.jpg,0,0,0,1,0,0,1
fffff70701010000.jpg,0,0,0,0,0,1,0
fffff774f0404000.jpg,0,0,0,0,0,1,0
fffff7a183838300.jpg,0,0,0,0,0,0,1
fffff7c380810000.jpg,0,0,0,1,0,0,1
fffff7f76e040020.jpg,1,0,0,0,0,0,0
fffff80000000000.jpg,1,0,0,1,0,0,0
fffff8b0c08080c0.jpg,0,0,0,1,0,1,0
fffff91000000000.jpg,1,0,0,1,0,0,0
fffff9c800000000.jpg,0,0,0,0,1,1,0
fffff9f1f1810000.jpg,0,0,0,0,0,1,0
fffff9f45040203c.jpg,0,0,0,0,1,0,0
fffff9f99880a000.jpg,0,0,0,0,0,0,1
fffffa0000000000.jpg,0,1,1,0,0,0,0
fffffa3101810101.jpg,0,0,0,0,0,1,0
fffffa7b10014440.jpg,1,0,0,0,0,0,0
fffffae8e0202080.jpg,1,0,0,0,0,0,0
fffffb3210000000.jpg,0,0,0,0,0,0,1
fffffbb310101000.jpg,1,0,0,0,0,0,0
fffffbbf16101000.jpg,0,0,0,0,1,0,0
fffffbc000000000.jpg,0,0,1,0,0,0,0
fffffbe5a7a60000.jpg,1,0,0,0,0,0,0
fffffbf000404000.jpg,0,1,0,1,0,0,0
fffffbfa00000001.jpg,1,0,0,0,0,0,0
fffffc0000000000.jpg,1,0,0,0,0,0,0
fffffc7f9f0c0080.jpg,0,0,0,0,0,0,1
fffffcd4d0d0f080.jpg,0,0,0,1,0,0,1
fffffce620e44000.jpg,1,0,0,0,0,0,0
fffffcec80800000.jpg,0,0,0,1,0,0,1
fffffd8e86830000.jpg,0,0,0,0,0,1,0
fffffda919081018.jpg,0,1,0,0,0,0,0
fffffdf0c1406010.jpg,0,0,0,0,0,1,0
fffffdf500100480.jpg,0,0,0,0,0,0,1
fffffdf848400000.jpg,1,0,0,0,0,0,0
fffffdfc80000c00.jpg,0,1,0,1,0,0,0
fffffdfcbc000000.jpg,0,0,0,0,0,1,0
fffffdfccc484080.jpg,0,0,0,1,0,1,0
fffffdfffa040000.jpg,0,1,0,1,0,0,0
fffffe0100000000.jpg,1,0,0,0,0,0,0
fffffe040070e0c0.jpg,0,0,0,0,0,1,0
fffffe2200000002.jpg,0,0,0,0,0,1,0
fffffe3821ee2000.jpg,0,0,1,0,0,0,0
fffffe3a00400000.jpg,1,0,0,0,0,0,0
fffffe3e00000000.jpg,0,1,0,1,0,0,0
fffffe6040000000.jpg,1,0,0,0,0,0,0
fffffe7740c20001.jpg,0,0,0,0,0,1,0
fffffe808080c0c0.jpg,0,0,0,1,0,0,1
fffffe9cb3725080.jpg,0,1,0,0,0,0,0
fffffea404040000.jpg,1,0,0,0,0,0,0
fffffeab09010000.jpg,1,0,0,0,0,0,0
fffffeae0080c0c0.jpg,0,0,0,0,0,1,0
fffffeb000008201.jpg,0,0,0,1,0,0,1
fffffeb80080bc80.jpg,0,0,0,1,0,0,1
fffffee08080c0c1.jpg,1,0,0,0,0,0,0
fffffee788006040.jpg,0,0,0,0,0,1,0
fffffef080c0c0c0.jpg,0,0,0,1,0,0,1
fffffef680000000.jpg,0,0,0,0,0,0,1
fffffef8d0c0c080.jpg,0,0,0,1,0,0,1
fffffefa5c848000.jpg,0,0,0,0,0,0,1
fffffefeace00000.jpg,0,1,0,0,0,0,0
fffffeffe0000100.jpg,1,0,0,0,0,0,0
ffffff0000000000.jpg,1,0,0,0,0,0,0
ffffff0000000001.jpg,1,0,0,0,0,0,0
ffffff0000000041.jpg,0,0,0,1,0,0,1
ffffff00000080c1.jpg,0,0,0,1,0,1,0
ffffff000000feff.jpg,0,0,0,0,1,0,0
ffffff003cf8f060.jpg,0,1,0,0,0,0,0
ffffff0100000180.jpg,0,0,0,0,0,1,0
ffffff0100004101.jpg,0,0,0,1,0,0,1
ffffff010000e101.jpg,0,0,0,1,0,0,1
ffffff010000fbe1.jpg,0,0,0,1,0,0,1
ffffff0101000000.jpg,0,0,0,1,0,0,1
ffffff010101e380.jpg,0,0,0,1,0,0,1
ffffff030301b343.jpg,0,1,0,1,0,0,0
ffffff0480c41e7f.jpg,0,0,0,1,0,0,1
ffffff0500010000.jpg,0,0,0,0,1,0,0
ffffff0701000000.jpg,0,0,1,0,0,0,0
ffffff070705a141.jpg,0,1,0,1,0,0,0
ffffff0707060100.jpg,0,0,0,0,0,1,0
ffffff0800000000.jpg,1,0,0,0,0,0,0
ffffff0804000200.jpg,1,0,0,0,0,0,0
ffffff0f00000000.jpg,1,0,0,1,0,0,0
ffffff0f03000000.jpg,0,1,0,0,0,0,0
ffffff0f03930303.jpg,0,1,0,1,0,0,0
ffffff1000c00000.jpg,1,0,0,0,0,0,0
ffffff1910200000.jpg,0,0,0,0,1,0,0
ffffff1c08000001.jpg,0,0,0,0,0,1,0
ffffff1f03938383.jpg,0,1,0,1,0,0,0
ffffff1f87000080.jpg,0,0,0,1,0,0,1
ffffff2101234633.jpg,0,0,0,0,0,0,1
ffffff2404040000.jpg,1,0,0,0,0,0,0
ffffff26000082a0.jpg,0,1,0,1,0,0,0
ffffff3200000000.jpg,0,0,0,0,1,0,0
ffffff3301010000.jpg,0,0,0,0,0,0,1
ffffff3606000000.jpg,1,0,0,0,0,0,0
ffffff3b31000000.jpg,1,0,0,0,0,0,0
ffffff3d08000040.jpg,1,0,0,0,0,0,0
ffffff4000000000.jpg,1,0,0,0,0,0,0
ffffff4010100010.jpg,1,0,0,0,0,0,0
ffffff4040202000.jpg,1,0,0,0,0,0,0
ffffff4701000000.jpg,0,0,0,0,0,0,1
ffffff4d01010000.jpg,0,1,0,0,1,0,0
ffffff5640400201.jpg,0,0,0,0,0,0,1
ffffff5e08000000.jpg,0,0,0,0,0,1,0
ffffff5f0f000001.jpg,0,0,0,0,0,0,1
ffffff6302800000.jpg,0,0,1,0,0,0,0
ffffff6f00000081.jpg,0,0,0,1,0,1,0
ffffff7c00000000.jpg,1,0,0,0,0,0,0
ffffff7f72000000.jpg,0,1,0,1,0,0,0
ffffff7f80020000.jpg,0,1,0,1,0,0,0
ffffff8480808100.jpg,0,1,0,1,0,0,0
ffffff87030383c3.jpg,0,0,0,1,0,0,1
ffffff8787030000.jpg,0,0,0,1,0,0,1
ffffff9200000000.jpg,1,0,0,0,0,0,0
ffffff9640410002.jpg,0,0,0,0,0,0,1
ffffff9f00000000.jpg,0,0,0,1,0,1,0
ffffffa9810101df.jpg,0,0,0,1,0,0,1
ffffffafae040000.jpg,0,0,0,0,0,0,1
ffffffb40080b080.jpg,0,0,0,1,0,0,1
ffffffb800000000.jpg,0,0,0,1,0,1,0
ffffffb931410000.jpg,0,1,1,0,0,0,0
ffffffba10000000.jpg,1,0,0,0,0,0,0
ffffffc140014301.jpg,0,0,0,1,0,0,1
ffffffc180808080.jpg,0,0,0,1,0,0,1
ffffffc3830081c1.jpg,0,0,0,1,0,1,0
ffffffc4e4240000.jpg,0,1,0,0,0,0,0
ffffffc500000000.jpg,1,0,0,0,0,0,0
ffffffc700000000.jpg,0,0,0,0,0,0,1
ffffffc700000003.jpg,0,0,0,0,0,0,1
ffffffc743400000.jpg,0,0,0,0,0,1,0
ffffffc783810000.jpg,0,0,0,1,0,0,1
ffffffc838e0703c.jpg,0,0,0,0,0,1,0
ffffffc840800000.jpg,0,0,0,1,0,0,1
ffffffc900c00000.jpg,0,0,0,0,0,0,1
ffffffd000000000.jpg,1,0,0,0,0,0,0
ffffffd020000000.jpg,1,0,0,0,0,0,0
ffffffd300030244.jpg,0,0,0,0,0,0,1
ffffffd489a58000.jpg,0,0,0,1,0,1,0
ffffffd783010000.jpg,0,0,0,1,0,0,1
ffffffda01010000.jpg,0,0,0,0,0,0,1
ffffffdb80808080.jpg,0,0,0,1,0,0,1
ffffffdf0d090000.jpg,1,0,0,0,0,0,0
ffffffe0c0000000.jpg,1,0,0,0,0,0,0
ffffffe100000000.jpg,1,0,0,0,0,0,0
ffffffe100800000.jpg,0,0,0,0,1,0,0
ffffffe300000000.jpg,0,0,0,0,1,0,0
ffffffe8a0c0c0c0.jpg,0,0,0,1,0,0,1
ffffffeb00000000.jpg,1,0,0,1,0,0,0
ffffffec00000000.jpg,1,0,0,0,0,0,0
ffffffef00000000.jpg,1,0,0,0,0,0,0
fffffff023232020.jpg,0,0,0,1,0,1,0
fffffff0c8e04000.jpg,0,0,0,1,0,1,0
fffffff311000000.jpg,1,0,0,0,0,0,0
fffffff400000000.jpg,0,0,0,0,1,0,0
fffffff4c0000000.jpg,0,0,0,0,0,0,1
fffffff6f2f08000.jpg,0,0,0,1,0,1,0
fffffff8c080a0c0.jpg,0,0,0,1,0,1,0
fffffff98181c100.jpg,0,1,0,1,0,0,0
fffffffc00000000.jpg,1,0,0,1,0,0,0
fffffffc70200001.jpg,0,0,0,0,0,0,1
fffffffe80800000.jpg,0,1,0,1,0,0,0
fffffffe80800100.jpg,0,1,0,1,0,0,0
fffffffeb4100000.jpg,1,0,0,0,0,0,0
fffffffeff830100.jpg,1,0,0,1,0,0,0
ffffffff00000000.jpg,1,0,0,1,0,0,0
ffffffff33000000.jpg,1,0,0,0,0,0,0
ffffffff5c002000.jpg,1,0,0,1,0,0,0
ffffffffd9800000.jpg,0,0,0,1,0,0,1
fffffffff0200000.jpg,1,0,0,0,0,0,0
ffffffffff000000.jpg,1,0,0,0,0,0,0
